contact_id,first_name,last_name,email
4661,cecilia.velasco@rodrigues.fr,cecilia.velasco@rodrigues.fr,cecilia.velasco@rodrigues.fr
3765,mariana.ellis@rossi.org,mariana.ellis@rossi.org,mariana.ellis@rossi.org
4187,sofie.woods@riviere.com,sofie.woods@riviere.com,sofie.woods@riviere.com
4941,jeanette.iannotti@yahoo.com,jeanette.iannotti@yahoo.com,jeanette.iannotti@yahoo.com
2199,samuel.sorgatz@gmail.com,samuel.sorgatz@gmail.com,samuel.sorgatz@gmail.com
5650,socorro.luna@hotmail.com,socorro.luna@hotmail.com,socorro.luna@hotmail.com
5889,carolina.murray@knight.com,carolina.murray@knight.com,carolina.murray@knight.com
4842,kayla.moon@yahoo.de,kayla.moon@yahoo.de,kayla.moon@yahoo.de
3280,ariadna.geisel@rangel.com,ariadna.geisel@rangel.com,ariadna.geisel@rangel.com
5468,danielle.ladeck@scalfaro.net,danielle.ladeck@scalfaro.net,danielle.ladeck@scalfaro.net
3064,tatiana.thompson@hunt.net,tatiana.thompson@hunt.net,tatiana.thompson@hunt.net
4904,caleb.benavides@rubio.com,caleb.benavides@rubio.com,caleb.benavides@rubio.com
1299,sandra.hardy@web.de,sandra.hardy@web.de,sandra.hardy@web.de
5602,lotti.morris@yahoo.co.uk,lotti.morris@yahoo.co.uk,lotti.morris@yahoo.co.uk
5753,reinhilde.white@voila.fr,reinhilde.white@voila.fr,reinhilde.white@voila.fr
4495,kerry.patel@hutchinson.com,kerry.patel@hutchinson.com,kerry.patel@hutchinson.com
4269,sophie.antoine@andersen.com,sophie.antoine@andersen.com,sophie.antoine@andersen.com
2226,martha.girard@web.de,martha.girard@web.de,martha.girard@web.de
1558,stephanie.king@cervantes.com,stephanie.king@cervantes.com,stephanie.king@cervantes.com
2307,amanda.palmer@didier.fr,amanda.palmer@didier.fr,amanda.palmer@didier.fr
2900,lina.alcala@vespa.net,lina.alcala@vespa.net,lina.alcala@vespa.net
5695,itzel.murphy@muelichen.de,itzel.murphy@muelichen.de,itzel.murphy@muelichen.de
5708,filippo.parry@live.com,filippo.parry@live.com,filippo.parry@live.com
1663,katelyn.cole@fiebig.com,katelyn.cole@fiebig.com,katelyn.cole@fiebig.com
3605,brian.novak@ford.net,brian.novak@ford.net,brian.novak@ford.net
4678,cilly.gay@callegaro.it,cilly.gay@callegaro.it,cilly.gay@callegaro.it
2251,yolanda.snyder@gmx.de,yolanda.snyder@gmx.de,yolanda.snyder@gmx.de
6202,evelin.odonnell@ibarra.net,evelin.odonnell@ibarra.net,evelin.odonnell@ibarra.net
3715,ingeborg.alba@hotmail.com,ingeborg.alba@hotmail.com,ingeborg.alba@hotmail.com
4242,marina.madrid@galarza-alba.com,marina.madrid@galarza-alba.com,marina.madrid@galarza-alba.com
4326,sheila.goodwin@yahoo.com,sheila.goodwin@yahoo.com,sheila.goodwin@yahoo.com
5560,valeria.rich@turchetta-mondadori.it,valeria.rich@turchetta-mondadori.it,valeria.rich@turchetta-mondadori.it
4002,dustin.camacho@rhodes.org.au,dustin.camacho@rhodes.org.au,dustin.camacho@rhodes.org.au
3813,amalia.marenzio@grupo.com,amalia.marenzio@grupo.com,amalia.marenzio@grupo.com
5336,gian.long@hotmail.com,gian.long@hotmail.com,gian.long@hotmail.com
4994,stewart.hunt@anderson-vargas.biz,stewart.hunt@anderson-vargas.biz,stewart.hunt@anderson-vargas.biz
1471,greca.ruiz@carr.co.uk,greca.ruiz@carr.co.uk,greca.ruiz@carr.co.uk
4482,gerald.olivera@outlook.com,gerald.olivera@outlook.com,gerald.olivera@outlook.com
3241,jaqueline.wallace@gmail.com,jaqueline.wallace@gmail.com,jaqueline.wallace@gmail.com
3477,john.lane@gregoire.fr,john.lane@gregoire.fr,john.lane@gregoire.fr
2265,pero.joly@bernard.net,pero.joly@bernard.net,pero.joly@bernard.net
5911,chad.turner@gmail.com,chad.turner@gmail.com,chad.turner@gmail.com
2288,adam.zavala@guichard.fr,adam.zavala@guichard.fr,adam.zavala@guichard.fr
4064,tyler.rivera@guajardo-ozuna.com,tyler.rivera@guajardo-ozuna.com,tyler.rivera@guajardo-ozuna.com
1294,jens.graham@jones-buckley.com,jens.graham@jones-buckley.com,jens.graham@jones-buckley.com
5008,virginia.caetani@sosa.biz,virginia.caetani@sosa.biz,virginia.caetani@sosa.biz
3604,martino.wagner@laposte.net,martino.wagner@laposte.net,martino.wagner@laposte.net
3263,martin.meyer@davis.co.uk,martin.meyer@davis.co.uk,martin.meyer@davis.co.uk
5631,marguerite.walls@martinez.fr,marguerite.walls@martinez.fr,marguerite.walls@martinez.fr
2851,peter.vogt@yahoo.com,peter.vogt@yahoo.com,peter.vogt@yahoo.com
3714,nicholas.christian@hotmail.de,nicholas.christian@hotmail.de,nicholas.christian@hotmail.de
1664,susi.steinberg@preiss.com,susi.steinberg@preiss.com,susi.steinberg@preiss.com
5027,tammy.ramazzotti@gmail.com,tammy.ramazzotti@gmail.com,tammy.ramazzotti@gmail.com
3070,abdul.thomas@vasari.com,abdul.thomas@vasari.com,abdul.thomas@vasari.com
4248,justin.luxardo@googlemail.com,justin.luxardo@googlemail.com,justin.luxardo@googlemail.com
2034,antonio.gibson@faust.net,antonio.gibson@faust.net,antonio.gibson@faust.net
4085,jeremy.gomez@oconnor.org,jeremy.gomez@oconnor.org,jeremy.gomez@oconnor.org
3569,raymond.solorzano@gmail.com,raymond.solorzano@gmail.com,raymond.solorzano@gmail.com
3889,flora.harris@hotmail.com.au,flora.harris@hotmail.com.au,flora.harris@hotmail.com.au
3136,cheryl.boyd@segni.it,cheryl.boyd@segni.it,cheryl.boyd@segni.it
2103,rhys.leiva@gmx.de,rhys.leiva@gmx.de,rhys.leiva@gmx.de
2329,mariano.prieto@vodafone.it,mariano.prieto@vodafone.it,mariano.prieto@vodafone.it
3325,laurie.fibonacci@gmail.com,laurie.fibonacci@gmail.com,laurie.fibonacci@gmail.com
3131,david.rudolph@nelson.com,david.rudolph@nelson.com,david.rudolph@nelson.com
4995,bryan.ross@yahoo.com,bryan.ross@yahoo.com,bryan.ross@yahoo.com
3631,ubaldo.brown@philippe.com,ubaldo.brown@philippe.com,ubaldo.brown@philippe.com
5373,clelia.faulkner@hotmail.com,clelia.faulkner@hotmail.com,clelia.faulkner@hotmail.com
3126,sara.erickson@yahoo.de,sara.erickson@yahoo.de,sara.erickson@yahoo.de
2194,rupert.valle@filogamo.it,rupert.valle@filogamo.it,rupert.valle@filogamo.it
2906,puccio.kitzmann@yahoo.com,puccio.kitzmann@yahoo.com,puccio.kitzmann@yahoo.com
2611,thomas.hutchinson@gmx.de,thomas.hutchinson@gmx.de,thomas.hutchinson@gmx.de
2374,abelardo.castro@gmail.com,abelardo.castro@gmail.com,abelardo.castro@gmail.com
3254,greco.walker@yahoo.com,greco.walker@yahoo.com,greco.walker@yahoo.com
3571,miranda.lacombe@longoria-vanegas.net,miranda.lacombe@longoria-vanegas.net,miranda.lacombe@longoria-vanegas.net
2812,diana.schuchhardt@libero.it,diana.schuchhardt@libero.it,diana.schuchhardt@libero.it
3961,stacey.knox@corporacin.com,stacey.knox@corporacin.com,stacey.knox@corporacin.com
3872,glen.faivre@yahoo.com,glen.faivre@yahoo.com,glen.faivre@yahoo.com
4736,andrew.torres@ruiz-torres.org,andrew.torres@ruiz-torres.org,andrew.torres@ruiz-torres.org
5119,denny.fritz@despacho.biz,denny.fritz@despacho.biz,denny.fritz@despacho.biz
5725,martyn.caldera@hotmail.co.uk,martyn.caldera@hotmail.co.uk,martyn.caldera@hotmail.co.uk
4037,abigail.foster@taylor.net,abigail.foster@taylor.net,abigail.foster@taylor.net
2109,anthony.hauffer@tlustek.org,anthony.hauffer@tlustek.org,anthony.hauffer@tlustek.org
3283,roger.gerlach@may-mitchell.co.uk,roger.gerlach@may-mitchell.co.uk,roger.gerlach@may-mitchell.co.uk
6181,christopher.poirier@hotmail.com,christopher.poirier@hotmail.com,christopher.poirier@hotmail.com
3251,branka.traore@jacobi.com,branka.traore@jacobi.com,branka.traore@jacobi.com
3443,briana.etienne@bishop-coates.com,briana.etienne@bishop-coates.com,briana.etienne@bishop-coates.com
2988,brandon.olson@prince-moreno.net,brandon.olson@prince-moreno.net,brandon.olson@prince-moreno.net
1673,celia.ungaretti@fox.com,celia.ungaretti@fox.com,celia.ungaretti@fox.com
2085,barbara.guibert@casares-sanches.com,barbara.guibert@casares-sanches.com,barbara.guibert@casares-sanches.com
1672,daniela.bell@vollbrecht.org,daniela.bell@vollbrecht.org,daniela.bell@vollbrecht.org
4426,phyllis.gurule@rodriguez-pham.com,phyllis.gurule@rodriguez-pham.com,phyllis.gurule@rodriguez-pham.com
3211,alejandra.joseph@escalante-abrego.biz,alejandra.joseph@escalante-abrego.biz,alejandra.joseph@escalante-abrego.biz
3190,giulio.bohlander@dbmail.com,giulio.bohlander@dbmail.com,giulio.bohlander@dbmail.com
2081,amber.weller@toso.eu,amber.weller@toso.eu,amber.weller@toso.eu
3185,mary.etzold@conrad-harrison.com,mary.etzold@conrad-harrison.com,mary.etzold@conrad-harrison.com
5044,amy.georges@raedel.de,amy.georges@raedel.de,amy.georges@raedel.de
1883,jennifer.giraud@yahoo.com,jennifer.giraud@yahoo.com,jennifer.giraud@yahoo.com
2067,rosie.peltier@voila.fr,rosie.peltier@voila.fr,rosie.peltier@voila.fr
4604,oreste.ward@proyectos.com,oreste.ward@proyectos.com,oreste.ward@proyectos.com
3203,luis.edwards@live.com,luis.edwards@live.com,luis.edwards@live.com
5758,fiona.griffiths@curatoli-verdone.it,fiona.griffiths@curatoli-verdone.it,fiona.griffiths@curatoli-verdone.it
5755,sally.raya@tarchetti.it,sally.raya@tarchetti.it,sally.raya@tarchetti.it
5150,carolyn.charpentier@hotmail.de,carolyn.charpentier@hotmail.de,carolyn.charpentier@hotmail.de
4181,nathalie.alvarez@live.com,nathalie.alvarez@live.com,nathalie.alvarez@live.com
3006,abril.lowery@novak.net,abril.lowery@novak.net,abril.lowery@novak.net
4865,ottone.sullivan@hussain-kaur.com,ottone.sullivan@hussain-kaur.com,ottone.sullivan@hussain-kaur.com
2862,esmeralda.sollima@visintini.it,esmeralda.sollima@visintini.it,esmeralda.sollima@visintini.it
6070,silvia.gierschner@tele2.it,silvia.gierschner@tele2.it,silvia.gierschner@tele2.it
5300,kyle.cunningham@voila.fr,kyle.cunningham@voila.fr,kyle.cunningham@voila.fr
3486,anel.carpentier@klein-joseph.org,anel.carpentier@klein-joseph.org,anel.carpentier@klein-joseph.org
5989,sarah.davis@david.com,sarah.davis@david.com,sarah.davis@david.com
2849,luke.klein@hotmail.com,luke.klein@hotmail.com,luke.klein@hotmail.com
1612,gudrun.mueller@dillon-fuller.info,gudrun.mueller@dillon-fuller.info,gudrun.mueller@dillon-fuller.info
3307,melissa.canali@libero.it,melissa.canali@libero.it,melissa.canali@libero.it
5288,gabrielle.ayala@hotmail.com,gabrielle.ayala@hotmail.com,gabrielle.ayala@hotmail.com
6026,laura.buckley@ryan.org,laura.buckley@ryan.org,laura.buckley@ryan.org
2212,wilfrido.lorch@leclerc.fr,wilfrido.lorch@leclerc.fr,wilfrido.lorch@leclerc.fr
4591,robert.bruder@manzoni.com,robert.bruder@manzoni.com,robert.bruder@manzoni.com
2771,phillip.soliz@outlook.com,phillip.soliz@outlook.com,phillip.soliz@outlook.com
5682,alex.smith@fournier.fr,alex.smith@fournier.fr,alex.smith@fournier.fr
5368,jessica.martinez@salieri.com,jessica.martinez@salieri.com,jessica.martinez@salieri.com
3706,kelly.carter@hotmail.com.au,kelly.carter@hotmail.com.au,kelly.carter@hotmail.com.au
4034,ahmad.sosa@gmail.com,ahmad.sosa@gmail.com,ahmad.sosa@gmail.com
3209,toralf.iglesias@borrego.com,toralf.iglesias@borrego.com,toralf.iglesias@borrego.com
2384,irene.anichini@yahoo.com,irene.anichini@yahoo.com,irene.anichini@yahoo.com
3074,alicia.cainero@yahoo.com,alicia.cainero@yahoo.com,alicia.cainero@yahoo.com
2031,tracey.laboy@bell.biz,tracey.laboy@bell.biz,tracey.laboy@bell.biz
5873,donald.reynaud@green.edu.au,donald.reynaud@green.edu.au,donald.reynaud@green.edu.au
5501,venancio.stadelmann@gmx.de,venancio.stadelmann@gmx.de,venancio.stadelmann@gmx.de
3489,seth.olivier@yahoo.com,seth.olivier@yahoo.com,seth.olivier@yahoo.com
4210,dennis.boaga@gmx.de,dennis.boaga@gmx.de,dennis.boaga@gmx.de
6151,pedro.wilson@outlook.com,pedro.wilson@outlook.com,pedro.wilson@outlook.com
6047,roland.weihmann@gmail.com,roland.weihmann@gmail.com,roland.weihmann@gmail.com
5445,hector.morrison@web.de,hector.morrison@web.de,hector.morrison@web.de
5493,evangelos.peters@sanchez.net,evangelos.peters@sanchez.net,evangelos.peters@sanchez.net
6036,gerardo.hamilton@libero.it,gerardo.hamilton@libero.it,gerardo.hamilton@libero.it
2368,meta.cuzzocrea@howard-jensen.org,meta.cuzzocrea@howard-jensen.org,meta.cuzzocrea@howard-jensen.org
1501,alma.raymond@tin.it,alma.raymond@tin.it,alma.raymond@tin.it
4351,kathleen.solimena@wallace.biz,kathleen.solimena@wallace.biz,kathleen.solimena@wallace.biz
3096,zacharie.cordier@gmail.com,zacharie.cordier@gmail.com,zacharie.cordier@gmail.com
6162,riza.techer@yahoo.com,riza.techer@yahoo.com,riza.techer@yahoo.com
1433,enrique.guillen@hotmail.co.uk,enrique.guillen@hotmail.co.uk,enrique.guillen@hotmail.co.uk
2720,tristan.weeks@pena.com,tristan.weeks@pena.com,tristan.weeks@pena.com
5251,natalie.lerma@boucher.com,natalie.lerma@boucher.com,natalie.lerma@boucher.com
1797,rodney.hamon@hotmail.com,rodney.hamon@hotmail.com,rodney.hamon@hotmail.com
1656,adalberto.lombardo@sfr.fr,adalberto.lombardo@sfr.fr,adalberto.lombardo@sfr.fr
1346,florencia.querini@gmail.com,florencia.querini@gmail.com,florencia.querini@gmail.com
2989,liam.rolland@yahoo.fr,liam.rolland@yahoo.fr,liam.rolland@yahoo.fr
5629,ian.kelly@reeves.com.au,ian.kelly@reeves.com.au,ian.kelly@reeves.com.au
3456,mehdi.todd@web.de,mehdi.todd@web.de,mehdi.todd@web.de
3229,rembrandt.liguori@davis.org,rembrandt.liguori@davis.org,rembrandt.liguori@davis.org
2277,irmi.schweitzer@ozuna.com,irmi.schweitzer@ozuna.com,irmi.schweitzer@ozuna.com
1276,gioffre.stein@hotmail.com.au,gioffre.stein@hotmail.com.au,gioffre.stein@hotmail.com.au
3694,frida.villarreal@hotmail.de,frida.villarreal@hotmail.de,frida.villarreal@hotmail.de
2260,steffen.mangold@paul.net,steffen.mangold@paul.net,steffen.mangold@paul.net
5374,elias.marin@herve.net,elias.marin@herve.net,elias.marin@herve.net
4420,roman.gonzalez@anderson.net,roman.gonzalez@anderson.net,roman.gonzalez@anderson.net
3849,reina.middleton@hotmail.com,reina.middleton@hotmail.com,reina.middleton@hotmail.com
1638,sandro.moran@hotmail.de,sandro.moran@hotmail.de,sandro.moran@hotmail.de
5230,gebhard.thanel@gmail.com,gebhard.thanel@gmail.com,gebhard.thanel@gmail.com
1763,antonino.bolander@gmail.com,antonino.bolander@gmail.com,antonino.bolander@gmail.com
4323,karl.trevisani@anguissola.it,karl.trevisani@anguissola.it,karl.trevisani@anguissola.it
5256,silvester.brookes@franco.org,silvester.brookes@franco.org,silvester.brookes@franco.org
4836,octavio.pratt@web.de,octavio.pratt@web.de,octavio.pratt@web.de
5981,rebecca.greer@hotmail.com,rebecca.greer@hotmail.com,rebecca.greer@hotmail.com
1463,pierina.gaggini@free.fr,pierina.gaggini@free.fr,pierina.gaggini@free.fr
4577,robin.schleich@rogers-barrera.biz,robin.schleich@rogers-barrera.biz,robin.schleich@rogers-barrera.biz
4951,sergio.abbott@moore.net.au,sergio.abbott@moore.net.au,sergio.abbott@moore.net.au
3567,gilberto.evans@salcedo-archuleta.net,gilberto.evans@salcedo-archuleta.net,gilberto.evans@salcedo-archuleta.net
5475,james.elliott@gmail.com,james.elliott@gmail.com,james.elliott@gmail.com
2114,timoteo.bolnbach@laboratorios.com,timoteo.bolnbach@laboratorios.com,timoteo.bolnbach@laboratorios.com
5216,tonino.stanley@hotmail.com,tonino.stanley@hotmail.com,tonino.stanley@hotmail.com
1665,margaretha.murialdo@meunier.com,margaretha.murialdo@meunier.com,margaretha.murialdo@meunier.com
6051,bianca.drubin@libero.it,bianca.drubin@libero.it,bianca.drubin@libero.it
3983,kaylee.hoffmann@poulain.com,kaylee.hoffmann@poulain.com,kaylee.hoffmann@poulain.com
2966,teresa.vecellio@yahoo.com,teresa.vecellio@yahoo.com,teresa.vecellio@yahoo.com
4478,emine.tacchini@dbmail.com,emine.tacchini@dbmail.com,emine.tacchini@dbmail.com
4238,dawn.cortez@gmail.com,dawn.cortez@gmail.com,dawn.cortez@gmail.com
4404,emily.cundari@clark.com.au,emily.cundari@clark.com.au,emily.cundari@clark.com.au
5666,eleanor.hall@hotmail.com,eleanor.hall@hotmail.com,eleanor.hall@hotmail.com
3691,monique.delgadillo@hotmail.co.uk,monique.delgadillo@hotmail.co.uk,monique.delgadillo@hotmail.co.uk
2703,arnaude.warner@gmail.com,arnaude.warner@gmail.com,arnaude.warner@gmail.com
4253,jason.howell@gmx.de,jason.howell@gmx.de,jason.howell@gmx.de
5652,nicole.mccullough@hall.com,nicole.mccullough@hall.com,nicole.mccullough@hall.com
3279,rosmarie.esquibel@bouygtel.fr,rosmarie.esquibel@bouygtel.fr,rosmarie.esquibel@bouygtel.fr
3233,leonor.ferreira@gmail.com,leonor.ferreira@gmail.com,leonor.ferreira@gmail.com
3017,brett.jones@alice.it,brett.jones@alice.it,brett.jones@alice.it
3482,nino.bien@gmail.com,nino.bien@gmail.com,nino.bien@gmail.com
2166,jemma.tate@hotmail.de,jemma.tate@hotmail.de,jemma.tate@hotmail.de
4146,denis.rogers@poste.it,denis.rogers@poste.it,denis.rogers@poste.it
2651,vanesa.khan@voila.fr,vanesa.khan@voila.fr,vanesa.khan@voila.fr
1409,victoria.ojeda@doehn.com,victoria.ojeda@doehn.com,victoria.ojeda@doehn.com
3717,eugenio.martin@yahoo.de,eugenio.martin@yahoo.de,eugenio.martin@yahoo.de
3963,nancy.hayes@hotmail.com,nancy.hayes@hotmail.com,nancy.hayes@hotmail.com
2152,lara.jacob@buckley.org,lara.jacob@buckley.org,lara.jacob@buckley.org
2974,gino.hernandez@covarrubias.com,gino.hernandez@covarrubias.com,gino.hernandez@covarrubias.com
1268,vicente.tijerina@montanariello.com,vicente.tijerina@montanariello.com,vicente.tijerina@montanariello.com
1822,michele.brambilla@yahoo.com,michele.brambilla@yahoo.com,michele.brambilla@yahoo.com
5066,dana.ritacca@gmail.com,dana.ritacca@gmail.com,dana.ritacca@gmail.com
5075,mitchell.bachmann@suarez-cruz.com,mitchell.bachmann@suarez-cruz.com,mitchell.bachmann@suarez-cruz.com
3855,vincenza.key@adams.com,vincenza.key@adams.com,vincenza.key@adams.com
5923,salvador.gaillard@yahoo.de,salvador.gaillard@yahoo.de,salvador.gaillard@yahoo.de
1867,diane.rogner@kelly.co.uk,diane.rogner@kelly.co.uk,diane.rogner@kelly.co.uk
4376,josette.laine@saracino-parisi.net,josette.laine@saracino-parisi.net,josette.laine@saracino-parisi.net
2785,courtney.fiebig@doerschner.com,courtney.fiebig@doerschner.com,courtney.fiebig@doerschner.com
5884,hugues.oliver@stiffel.com,hugues.oliver@stiffel.com,hugues.oliver@stiffel.com
2441,espartaco.willis@hotmail.com,espartaco.willis@hotmail.com,espartaco.willis@hotmail.com
1243,flavia.yoder@hotmail.de,flavia.yoder@hotmail.de,flavia.yoder@hotmail.de
3411,casey.flores@baggio.org,casey.flores@baggio.org,casey.flores@baggio.org
2467,calogero.cross@mercantini.it,calogero.cross@mercantini.it,calogero.cross@mercantini.it
1850,charles.begum@laboratorios.info,charles.begum@laboratorios.info,charles.begum@laboratorios.info
2604,adina.pollard@outlook.com,adina.pollard@outlook.com,adina.pollard@outlook.com
1693,natasha.lara@outlook.com,natasha.lara@outlook.com,natasha.lara@outlook.com
2969,benita.pottier@sfr.fr,benita.pottier@sfr.fr,benita.pottier@sfr.fr
1544,elizabeth.valdivia@gmail.com,elizabeth.valdivia@gmail.com,elizabeth.valdivia@gmail.com
4149,mattia.huet@aol.de,mattia.huet@aol.de,mattia.huet@aol.de
3463,geza.howard@voila.fr,geza.howard@voila.fr,geza.howard@voila.fr
2939,lauren.guillaume@sorgatz.org,lauren.guillaume@sorgatz.org,lauren.guillaume@sorgatz.org
2202,joanna.baxter@bruce-wright.com,joanna.baxter@bruce-wright.com,joanna.baxter@bruce-wright.com
1728,tracy.metz@bryant.info,tracy.metz@bryant.info,tracy.metz@bryant.info
5362,birgit.pena@armellini.it,birgit.pena@armellini.it,birgit.pena@armellini.it
4840,elvira.papafava@ifrance.com,elvira.papafava@ifrance.com,elvira.papafava@ifrance.com
2955,ernest.delorme@dowerg.de,ernest.delorme@dowerg.de,ernest.delorme@dowerg.de
5354,christy.grossi@alarcon-tafoya.com,christy.grossi@alarcon-tafoya.com,christy.grossi@alarcon-tafoya.com
3847,hermelinda.olmos@portillo.com,hermelinda.olmos@portillo.com,hermelinda.olmos@portillo.com
3025,herbert.fraser@holloway.org.au,herbert.fraser@holloway.org.au,herbert.fraser@holloway.org.au
1615,giancarlo.heydrich@hotmail.com,giancarlo.heydrich@hotmail.com,giancarlo.heydrich@hotmail.com
5154,constance.maldonado@spiess.net,constance.maldonado@spiess.net,constance.maldonado@spiess.net
5005,giampiero.carlier@hotmail.com,giampiero.carlier@hotmail.com,giampiero.carlier@hotmail.com
1349,carlo.jacquot@hotmail.com,carlo.jacquot@hotmail.com,carlo.jacquot@hotmail.com
3670,gabriel.robles@yahoo.com,gabriel.robles@yahoo.com,gabriel.robles@yahoo.com
2912,gerd.gunpf@gmail.com,gerd.gunpf@gmail.com,gerd.gunpf@gmail.com
4336,ashley.hellwig@libero.it,ashley.hellwig@libero.it,ashley.hellwig@libero.it
5576,patrick.rosas@yahoo.com,patrick.rosas@yahoo.com,patrick.rosas@yahoo.com
2736,lilla.leonard@jungfer.com,lilla.leonard@jungfer.com,lilla.leonard@jungfer.com
3321,tony.nicolas@morrocco-seddio.net,tony.nicolas@morrocco-seddio.net,tony.nicolas@morrocco-seddio.net
3353,allegra.benedetti@miller.com,allegra.benedetti@miller.com,allegra.benedetti@miller.com
2336,camille.tafuri@aol.de,camille.tafuri@aol.de,camille.tafuri@aol.de
4369,juan.wheeler@gilmore.net,juan.wheeler@gilmore.net,juan.wheeler@gilmore.net
4464,leopoldo.johnson@hotmail.com.au,leopoldo.johnson@hotmail.com.au,leopoldo.johnson@hotmail.com.au
5626,dietmar.grenier@tele2.it,dietmar.grenier@tele2.it,dietmar.grenier@tele2.it
1669,leonid.scholl@collin.com,leonid.scholl@collin.com,leonid.scholl@collin.com
5544,olivie.contarini@marshall-wright.biz,olivie.contarini@marshall-wright.biz,olivie.contarini@marshall-wright.biz
6078,jeffery.lacroix@medina.org,jeffery.lacroix@medina.org,jeffery.lacroix@medina.org
2580,edeltraud.chavez@hotmail.com.au,edeltraud.chavez@hotmail.com.au,edeltraud.chavez@hotmail.com.au
3592,mesut.morvan@gmail.com,mesut.morvan@gmail.com,mesut.morvan@gmail.com
4914,gregory.jackson@ortiz.com,gregory.jackson@ortiz.com,gregory.jackson@ortiz.com
3848,nicola.rossi@berry.org,nicola.rossi@berry.org,nicola.rossi@berry.org
2619,eddie.collazo@gmail.com,eddie.collazo@gmail.com,eddie.collazo@gmail.com
4605,philippe.gardner@howells-jones.net,philippe.gardner@howells-jones.net,philippe.gardner@howells-jones.net
6147,roy.fox@tejeda.com,roy.fox@tejeda.com,roy.fox@tejeda.com
1383,heiderose.garcia@noos.fr,heiderose.garcia@noos.fr,heiderose.garcia@noos.fr
1757,claudine.rowley@industrias.com,claudine.rowley@industrias.com,claudine.rowley@industrias.com
4390,astrid.roht@fastwebnet.it,astrid.roht@fastwebnet.it,astrid.roht@fastwebnet.it
4165,auguste.burnett@yahoo.fr,auguste.burnett@yahoo.fr,auguste.burnett@yahoo.fr
4529,pellegrino.allen@gmail.com,pellegrino.allen@gmail.com,pellegrino.allen@gmail.com
6084,angela.bowers@laboratorios.com,angela.bowers@laboratorios.com,angela.bowers@laboratorios.com
2916,michael.descamps@gmail.com,michael.descamps@gmail.com,michael.descamps@gmail.com
2005,heidelore.kennedy@guinizzelli.org,heidelore.kennedy@guinizzelli.org,heidelore.kennedy@guinizzelli.org
2261,lucrezia.koch@petit.com,lucrezia.koch@petit.com,lucrezia.koch@petit.com
5342,ivan.accardo@web.de,ivan.accardo@web.de,ivan.accardo@web.de
4087,karen.avogadro@yahoo.com,karen.avogadro@yahoo.com,karen.avogadro@yahoo.com
2761,laetitia.gallet@aubry.org,laetitia.gallet@aubry.org,laetitia.gallet@aubry.org
2908,amico.gosselin@shaw.info,amico.gosselin@shaw.info,amico.gosselin@shaw.info
2155,ilaria.bowen@hotmail.it,ilaria.bowen@hotmail.it,ilaria.bowen@hotmail.it
5642,marlen.coardi@colletti.eu,marlen.coardi@colletti.eu,marlen.coardi@colletti.eu
6217,rafael.alexander@jenkins.com,rafael.alexander@jenkins.com,rafael.alexander@jenkins.com
4222,herma.gabbana@hotmail.com,herma.gabbana@hotmail.com,herma.gabbana@hotmail.com
4798,zachary.vespucci@industrias.com,zachary.vespucci@industrias.com,zachary.vespucci@industrias.com
5660,marisol.richard@gmail.com,marisol.richard@gmail.com,marisol.richard@gmail.com
5000,joseph.glover@laposte.net,joseph.glover@laposte.net,joseph.glover@laposte.net
2809,lauretta.neal@hotmail.de,lauretta.neal@hotmail.de,lauretta.neal@hotmail.de
3349,simone.sauvage@yahoo.com,simone.sauvage@yahoo.com,simone.sauvage@yahoo.com
3647,ramona.brooks@kensy.de,ramona.brooks@kensy.de,ramona.brooks@kensy.de
5745,gioele.schwital@moody.com,gioele.schwital@moody.com,gioele.schwital@moody.com
2583,elena.jimenez@yahoo.com.au,elena.jimenez@yahoo.com.au,elena.jimenez@yahoo.com.au
5441,pam.vargas@guillot.net,pam.vargas@guillot.net,pam.vargas@guillot.net
2090,alison.morales@lewis.com,alison.morales@lewis.com,alison.morales@lewis.com
3386,marc.aumann@holland.com,marc.aumann@holland.com,marc.aumann@holland.com
1816,carla.butler@yahoo.com,carla.butler@yahoo.com,carla.butler@yahoo.com
4718,dionigi.bruce@industrias.com,dionigi.bruce@industrias.com,dionigi.bruce@industrias.com
1677,frank.henry@yahoo.com,frank.henry@yahoo.com,frank.henry@yahoo.com
4218,brent.pons@proyectos.net,brent.pons@proyectos.net,brent.pons@proyectos.net
4548,patricia.liebelt@baca.org,patricia.liebelt@baca.org,patricia.liebelt@baca.org
1431,micheletto.sykes@thompson-thompson.com,micheletto.sykes@thompson-thompson.com,micheletto.sykes@thompson-thompson.com
2830,rose.blanc@grupo.com,rose.blanc@grupo.com,rose.blanc@grupo.com
4400,vincent.singh@gmail.com,vincent.singh@gmail.com,vincent.singh@gmail.com
5773,jamie.peacock@interiano-nordio.com,jamie.peacock@interiano-nordio.com,jamie.peacock@interiano-nordio.com
4161,giorgia.dijoux@paul.com,giorgia.dijoux@paul.com,giorgia.dijoux@paul.com
2062,serena.piacentini@yahoo.de,serena.piacentini@yahoo.de,serena.piacentini@yahoo.de
3458,dimitri.posada@gmail.com,dimitri.posada@gmail.com,dimitri.posada@gmail.com
3174,alexa.barillaro@ramos.net,alexa.barillaro@ramos.net,alexa.barillaro@ramos.net
5565,megan.kuhl@despacho.com,megan.kuhl@despacho.com,megan.kuhl@despacho.com
1906,kaitlyn.farinelli@outlook.com,kaitlyn.farinelli@outlook.com,kaitlyn.farinelli@outlook.com
5479,jonathan.castellitto@libero.it,jonathan.castellitto@libero.it,jonathan.castellitto@libero.it
4320,lisa.terragni@proyectos.com,lisa.terragni@proyectos.com,lisa.terragni@proyectos.com
4213,olivier.petrucelli@letta-raurica.eu,olivier.petrucelli@letta-raurica.eu,olivier.petrucelli@letta-raurica.eu
3373,jos.trobbiani@samson.com,jos.trobbiani@samson.com,jos.trobbiani@samson.com
4184,mirjam.dawson@yahoo.com,mirjam.dawson@yahoo.com,mirjam.dawson@yahoo.com
5472,javier.tessier@mclaughlin.biz,javier.tessier@mclaughlin.biz,javier.tessier@mclaughlin.biz
5559,mirjana.collins@hotmail.com,mirjana.collins@hotmail.com,mirjana.collins@hotmail.com
5419,vanessa.tschentscher@mitchell.com,vanessa.tschentscher@mitchell.com,vanessa.tschentscher@mitchell.com
4171,antonina.cobb@gibson.org,antonina.cobb@gibson.org,antonina.cobb@gibson.org
1302,bernard.durand@royer.com,bernard.durand@royer.com,bernard.durand@royer.com
3520,corey.greggio@johnson.org.au,corey.greggio@johnson.org.au,corey.greggio@johnson.org.au
6010,rodolfo.couturier@tim.it,rodolfo.couturier@tim.it,rodolfo.couturier@tim.it
4617,pierre.cardenas@luzi-bonomo.eu,pierre.cardenas@luzi-bonomo.eu,pierre.cardenas@luzi-bonomo.eu
1417,romeo.surian@batista.com,romeo.surian@batista.com,romeo.surian@batista.com
4770,ivo.moreno@hotmail.com,ivo.moreno@hotmail.com,ivo.moreno@hotmail.com
4328,federico.marie@jourdan.fr,federico.marie@jourdan.fr,federico.marie@jourdan.fr
5171,maggie.boito@yahoo.com,maggie.boito@yahoo.com,maggie.boito@yahoo.com
4394,brianna.hanson@stanley.com,brianna.hanson@stanley.com,brianna.hanson@stanley.com
1794,heiko.bourgeois@togliatti.com,heiko.bourgeois@togliatti.com,heiko.bourgeois@togliatti.com
3510,benito.gritti@gmail.com,benito.gritti@gmail.com,benito.gritti@gmail.com
2487,mitzy.junk@zaragoza.com,mitzy.junk@zaragoza.com,mitzy.junk@zaragoza.com
2215,samantha.lowe@praga.it,samantha.lowe@praga.it,samantha.lowe@praga.it
4136,ernesto.nerger@middleton.co.uk,ernesto.nerger@middleton.co.uk,ernesto.nerger@middleton.co.uk
3723,melinda.canova@orange.fr,melinda.canova@orange.fr,melinda.canova@orange.fr
5842,mohammad.hartung@hotmail.com,mohammad.hartung@hotmail.com,mohammad.hartung@hotmail.com
3289,ben.maillot@ramos.net,ben.maillot@ramos.net,ben.maillot@ramos.net
1249,isabel.pruschke@gmail.com,isabel.pruschke@gmail.com,isabel.pruschke@gmail.com
5409,linda.franceschi@richards.net,linda.franceschi@richards.net,linda.franceschi@richards.net
2951,olivia.striebitz@gmail.com,olivia.striebitz@gmail.com,olivia.striebitz@gmail.com
3432,penny.watson@matthews.net,penny.watson@matthews.net,penny.watson@matthews.net
2297,manfred.james@davies.org,manfred.james@davies.org,manfred.james@davies.org
6161,hazel.pierce@outlook.com,hazel.pierce@outlook.com,hazel.pierce@outlook.com
4603,alf.bates@dunn.com,alf.bates@dunn.com,alf.bates@dunn.com
5818,scott.gough@industrias.com,scott.gough@industrias.com,scott.gough@industrias.com
4270,konrad.briones@fierro.com,konrad.briones@fierro.com,konrad.briones@fierro.com
6007,mathilde.kruschwitz@yahoo.com,mathilde.kruschwitz@yahoo.com,mathilde.kruschwitz@yahoo.com
4084,irma.gemito@googlemail.com,irma.gemito@googlemail.com,irma.gemito@googlemail.com
1340,antoine.guyon@yahoo.com,antoine.guyon@yahoo.com,antoine.guyon@yahoo.com
5675,william.gibilisco@gaillard.com,william.gibilisco@gaillard.com,william.gibilisco@gaillard.com
2010,judith.butte@fischer-vaughn.info,judith.butte@fischer-vaughn.info,judith.butte@fischer-vaughn.info
6201,joanne.henderson@gmail.com,joanne.henderson@gmail.com,joanne.henderson@gmail.com
1791,ludovica.arellano@morandi-argento.com,ludovica.arellano@morandi-argento.com,ludovica.arellano@morandi-argento.com
3314,catherine.gray@hotmail.com,catherine.gray@hotmail.com,catherine.gray@hotmail.com
5852,franco.fioravanti@barry-gill.com.au,franco.fioravanti@barry-gill.com.au,franco.fioravanti@barry-gill.com.au
4618,heather.zimmer@bluemel.de,heather.zimmer@bluemel.de,heather.zimmer@bluemel.de
2618,hortense.taylor@chambers.biz,hortense.taylor@chambers.biz,hortense.taylor@chambers.biz
4967,livia.ernst@colas.fr,livia.ernst@colas.fr,livia.ernst@colas.fr
4594,toby.etzler@industrias.com,toby.etzler@industrias.com,toby.etzler@industrias.com
2080,ennio.leoncavallo@sanchez.org,ennio.leoncavallo@sanchez.org,ennio.leoncavallo@sanchez.org
2793,philippine.vaca@hotmail.com,philippine.vaca@hotmail.com,philippine.vaca@hotmail.com
4890,rhonda.phillips@yahoo.com,rhonda.phillips@yahoo.com,rhonda.phillips@yahoo.com
3528,alphonse.nitto@voila.fr,alphonse.nitto@voila.fr,alphonse.nitto@voila.fr
5810,karina.arreola@yahoo.com.au,karina.arreola@yahoo.com.au,karina.arreola@yahoo.com.au
5720,denise.wood@mantegna.com,denise.wood@mantegna.com,denise.wood@mantegna.com
4593,burghard.rosenow@hotmail.com,burghard.rosenow@hotmail.com,burghard.rosenow@hotmail.com
3186,friedl.powell@laposte.net,friedl.powell@laposte.net,friedl.powell@laposte.net
5136,benjamin.schultz@rivero-davila.com,benjamin.schultz@rivero-davila.com,benjamin.schultz@rivero-davila.com
2646,rachel.ulibarri@schueler.com,rachel.ulibarri@schueler.com,rachel.ulibarri@schueler.com
3460,silvano.blanchet@yahoo.com,silvano.blanchet@yahoo.com,silvano.blanchet@yahoo.com
4345,kurt.sauer@almanza.biz,kurt.sauer@almanza.biz,kurt.sauer@almanza.biz
2690,nayeli.gehringer@hotmail.com,nayeli.gehringer@hotmail.com,nayeli.gehringer@hotmail.com
4025,imelda.guerin@stumpf.net,imelda.guerin@stumpf.net,imelda.guerin@stumpf.net
4524,zbigniew.holmes@stiffel.net,zbigniew.holmes@stiffel.net,zbigniew.holmes@stiffel.net
3978,adela.alfonsi@despacho.com,adela.alfonsi@despacho.com,adela.alfonsi@despacho.com
3910,hilary.clark@libero.it,hilary.clark@libero.it,hilary.clark@libero.it
5825,kornelius.molina@heuser.com,kornelius.molina@heuser.com,kornelius.molina@heuser.com
3564,christian.anderson@tim.it,christian.anderson@tim.it,christian.anderson@tim.it
2396,francisco.dorsey@tiscali.fr,francisco.dorsey@tiscali.fr,francisco.dorsey@tiscali.fr
2140,walli.albert@dussen.com,walli.albert@dussen.com,walli.albert@dussen.com
3079,siegrun.mota@matthews-montoya.org.au,siegrun.mota@matthews-montoya.org.au,siegrun.mota@matthews-montoya.org.au
2017,alberico.herve@beer.net,alberico.herve@beer.net,alberico.herve@beer.net
5444,serafina.bonnin@mendes.com,serafina.bonnin@mendes.com,serafina.bonnin@mendes.com
2216,marcelle.bender@edwards-robinson.info,marcelle.bender@edwards-robinson.info,marcelle.bender@edwards-robinson.info
1241,hartmuth.robertson@thomas.edu.au,hartmuth.robertson@thomas.edu.au,hartmuth.robertson@thomas.edu.au
1484,herlinde.george@free.fr,herlinde.george@free.fr,herlinde.george@free.fr
3475,pamela.payne@yahoo.com,pamela.payne@yahoo.com,pamela.payne@yahoo.com
4333,gastone.beyer@stewart-sanchez.edu,gastone.beyer@stewart-sanchez.edu,gastone.beyer@stewart-sanchez.edu
5657,lydia.berengario@aol.de,lydia.berengario@aol.de,lydia.berengario@aol.de
2527,lucy.davidson@tele2.it,lucy.davidson@tele2.it,lucy.davidson@tele2.it
5967,franck.wade@gute.org,franck.wade@gute.org,franck.wade@gute.org
5698,heidi.barker@gmail.com,heidi.barker@gmail.com,heidi.barker@gmail.com
3331,arnaldo.ocasio@hotmail.com,arnaldo.ocasio@hotmail.com,arnaldo.ocasio@hotmail.com
3841,francis.bernier@rodriguez.com,francis.bernier@rodriguez.com,francis.bernier@rodriguez.com
6105,johanne.strong@yahoo.de,johanne.strong@yahoo.de,johanne.strong@yahoo.de
3895,debra.langlois@schmiedecke.com,debra.langlois@schmiedecke.com,debra.langlois@schmiedecke.com
1891,reingard.kambs@sagese.eu,reingard.kambs@sagese.eu,reingard.kambs@sagese.eu
1281,mauro.ortiz@oquendo.net,mauro.ortiz@oquendo.net,mauro.ortiz@oquendo.net
4186,griselda.carranza@krause.de,griselda.carranza@krause.de,griselda.carranza@krause.de
2511,janet.madrigal@gmail.com,janet.madrigal@gmail.com,janet.madrigal@gmail.com
4272,jenna.day@reed.com,jenna.day@reed.com,jenna.day@reed.com
3533,modesto.wright@pareto.com,modesto.wright@pareto.com,modesto.wright@pareto.com
3618,alice.wall@zaccardo.it,alice.wall@zaccardo.it,alice.wall@zaccardo.it
2177,brenda.sontag@solari.com,brenda.sontag@solari.com,brenda.sontag@solari.com
4102,sergius.mace@palazzo.com,sergius.mace@palazzo.com,sergius.mace@palazzo.com
6089,antonia.kline@gmail.com,antonia.kline@gmail.com,antonia.kline@gmail.com
4701,maurice.gumprich@griffin.net.au,maurice.gumprich@griffin.net.au,maurice.gumprich@griffin.net.au
5645,daniel.anders@yahoo.com,daniel.anders@yahoo.com,daniel.anders@yahoo.com
4499,zaira.cattaneo@yahoo.com,zaira.cattaneo@yahoo.com,zaira.cattaneo@yahoo.com
3365,alessio.bruneau@hotmail.co.uk,alessio.bruneau@hotmail.co.uk,alessio.bruneau@hotmail.co.uk
2290,gerdi.guerrero@tele2.fr,gerdi.guerrero@tele2.fr,gerdi.guerrero@tele2.fr
1890,brigitte.stiebitz@gmail.com,brigitte.stiebitz@gmail.com,brigitte.stiebitz@gmail.com
1304,june.sinisi@manzoni-giannini.it,june.sinisi@manzoni-giannini.it,june.sinisi@manzoni-giannini.it
3799,carl.macias@yahoo.com,carl.macias@yahoo.com,carl.macias@yahoo.com
2749,veronica.trapp@tiscali.it,veronica.trapp@tiscali.it,veronica.trapp@tiscali.it
2028,frances.garnier@aporti-guidotti.org,frances.garnier@aporti-guidotti.org,frances.garnier@aporti-guidotti.org
2383,terri.iannelli@hotmail.com,terri.iannelli@hotmail.com,terri.iannelli@hotmail.com
5721,odette.moore@hall.edu,odette.moore@hall.edu,odette.moore@hall.edu
1394,mercedes.trujillo@aol.de,mercedes.trujillo@aol.de,mercedes.trujillo@aol.de
3451,babette.dumas@brady.net,babette.dumas@brady.net,babette.dumas@brady.net
5512,jerry.santiago@soprano-ferragni.it,jerry.santiago@soprano-ferragni.it,jerry.santiago@soprano-ferragni.it
2453,ronald.simpson@ovadia.net,ronald.simpson@ovadia.net,ronald.simpson@ovadia.net
6055,emmanuel.dominguez@gmail.com,emmanuel.dominguez@gmail.com,emmanuel.dominguez@gmail.com
5704,christiane.ricciardi@zavala.com,christiane.ricciardi@zavala.com,christiane.ricciardi@zavala.com
3707,ingolf.zamora@yahoo.com.au,ingolf.zamora@yahoo.com.au,ingolf.zamora@yahoo.com.au
2205,rita.sharp@beard-scott.edu.au,rita.sharp@beard-scott.edu.au,rita.sharp@beard-scott.edu.au
5976,geraldine.cabrera@green-smith.info,geraldine.cabrera@green-smith.info,geraldine.cabrera@green-smith.info
3290,chantal.armas@jenkins.net,chantal.armas@jenkins.net,chantal.armas@jenkins.net
4257,louis.gilbert@gmail.com,louis.gilbert@gmail.com,louis.gilbert@gmail.com
4588,michelle.collier@peruzzi.it,michelle.collier@peruzzi.it,michelle.collier@peruzzi.it
4785,guillermina.nicholson@grondin.fr,guillermina.nicholson@grondin.fr,guillermina.nicholson@grondin.fr
3033,bertrand.hopkins@gmail.com,bertrand.hopkins@gmail.com,bertrand.hopkins@gmail.com
2779,alonso.palomo@gehringer.de,alonso.palomo@gehringer.de,alonso.palomo@gehringer.de
2131,tina.rodriguez@web.de,tina.rodriguez@web.de,tina.rodriguez@web.de
6229,eva.francis@parker.org,eva.francis@parker.org,eva.francis@parker.org
3429,ottavio.rust@crespi.com,ottavio.rust@crespi.com,ottavio.rust@crespi.com
1613,amelia.olvera@hotmail.com,amelia.olvera@hotmail.com,amelia.olvera@hotmail.com
4734,paul.palladio@mclaughlin.net.au,paul.palladio@mclaughlin.net.au,paul.palladio@mclaughlin.net.au
4439,bernardo.wieloch@budig.com,bernardo.wieloch@budig.com,bernardo.wieloch@budig.com
1441,umberto.hicks@hill.com,umberto.hicks@hill.com,umberto.hicks@hill.com
5799,janko.bishop@tim.it,janko.bishop@tim.it,janko.bishop@tim.it
1419,jessika.meunier@gmx.de,jessika.meunier@gmx.de,jessika.meunier@gmx.de
3059,isaac.benard@googlemail.com,isaac.benard@googlemail.com,isaac.benard@googlemail.com
3224,alexandrie.lambert@yahoo.com,alexandrie.lambert@yahoo.com,alexandrie.lambert@yahoo.com
3181,roberto.guyot@bennett.com,roberto.guyot@bennett.com,roberto.guyot@bennett.com
6061,giulietta.lucas@club.com,giulietta.lucas@club.com,giulietta.lucas@club.com
4466,damaris.pininfarina@gmail.com,damaris.pininfarina@gmail.com,damaris.pininfarina@gmail.com
6081,fabrizia.renard@higgins-marks.com,fabrizia.renard@higgins-marks.com,fabrizia.renard@higgins-marks.com
2159,camillo.dehmel@brown-campbell.com,camillo.dehmel@brown-campbell.com,camillo.dehmel@brown-campbell.com
3324,ruggero.parpinel@gmail.com,ruggero.parpinel@gmail.com,ruggero.parpinel@gmail.com
3176,stephen.pratesi@hotmail.com,stephen.pratesi@hotmail.com,stephen.pratesi@hotmail.com
5874,ludger.naccari@ingram.biz,ludger.naccari@ingram.biz,ludger.naccari@ingram.biz
5110,meryem.tapia@yahoo.com,meryem.tapia@yahoo.com,meryem.tapia@yahoo.com
5490,jasmine.juvara@yahoo.com.au,jasmine.juvara@yahoo.com.au,jasmine.juvara@yahoo.com.au
1922,victoire.travaglia@zacchia.com,victoire.travaglia@zacchia.com,victoire.travaglia@zacchia.com
4398,adrian.noel@perrin.com,adrian.noel@perrin.com,adrian.noel@perrin.com
4754,marvin.howe@gmail.com,marvin.howe@gmail.com,marvin.howe@gmail.com
3309,hanne.kidd@yahoo.com,hanne.kidd@yahoo.com,hanne.kidd@yahoo.com
1244,donatello.millet@fritsch.net,donatello.millet@fritsch.net,donatello.millet@fritsch.net
2892,eloisa.pascarella@gmail.com,eloisa.pascarella@gmail.com,eloisa.pascarella@gmail.com
2777,erica.zambrano@gmail.com,erica.zambrano@gmail.com,erica.zambrano@gmail.com
4952,paula.canales@gilmore-guerrero.com,paula.canales@gilmore-guerrero.com,paula.canales@gilmore-guerrero.com
5144,claudia.bernard@mazzanti.it,claudia.bernard@mazzanti.it,claudia.bernard@mazzanti.it
5487,paulina.miller@lewis-barker.com,paulina.miller@lewis-barker.com,paulina.miller@lewis-barker.com
1932,kathrin.godfrey@tele2.fr,kathrin.godfrey@tele2.fr,kathrin.godfrey@tele2.fr
3364,pina.passalacqua@yahoo.co.uk,pina.passalacqua@yahoo.co.uk,pina.passalacqua@yahoo.co.uk
5165,julien.miles@stevens-rose.com,julien.miles@stevens-rose.com,julien.miles@stevens-rose.com
3858,suzanne.benigni@mennea-morlacchi.com,suzanne.benigni@mennea-morlacchi.com,suzanne.benigni@mennea-morlacchi.com
4666,annalisa.pugh@hotmail.fr,annalisa.pugh@hotmail.fr,annalisa.pugh@hotmail.fr
2896,mathew.maestas@casas-garrido.com,mathew.maestas@casas-garrido.com,mathew.maestas@casas-garrido.com
4520,laszlo.vallee@verdier.com,laszlo.vallee@verdier.com,laszlo.vallee@verdier.com
5726,helen.polanco@hotmail.com,helen.polanco@hotmail.com,helen.polanco@hotmail.com
5661,mateo.sorrentino@calderon.com,mateo.sorrentino@calderon.com,mateo.sorrentino@calderon.com
4765,eric.barnes@barrett-winter.com,eric.barnes@barrett-winter.com,eric.barnes@barrett-winter.com
3710,dragica.west@yahoo.com.au,dragica.west@yahoo.com.au,dragica.west@yahoo.com.au
4925,antje.voisin@gmail.com,antje.voisin@gmail.com,antje.voisin@gmail.com
1533,stanley.mills@parker-lee.biz,stanley.mills@parker-lee.biz,stanley.mills@parker-lee.biz
5264,brandy.meraz@yahoo.com,brandy.meraz@yahoo.com,brandy.meraz@yahoo.com
4606,conor.reinhardt@yahoo.com.au,conor.reinhardt@yahoo.com.au,conor.reinhardt@yahoo.com.au
2043,gabino.blot@lewis-russell.org,gabino.blot@lewis-russell.org,gabino.blot@lewis-russell.org
3871,alvaro.lemus@yahoo.com,alvaro.lemus@yahoo.com,alvaro.lemus@yahoo.com
6205,patrizia.wilms@dbmail.com,patrizia.wilms@dbmail.com,patrizia.wilms@dbmail.com
3193,metin.coulon@ashley.com,metin.coulon@ashley.com,metin.coulon@ashley.com
1810,reece.valencia@laboy-palomo.com,reece.valencia@laboy-palomo.com,reece.valencia@laboy-palomo.com
4797,troy.schmiedecke@picard.com,troy.schmiedecke@picard.com,troy.schmiedecke@picard.com
1487,wendy.bustos@libero.it,wendy.bustos@libero.it,wendy.bustos@libero.it
3474,guglielmo.caldwell@loeffler.com,guglielmo.caldwell@loeffler.com,guglielmo.caldwell@loeffler.com
5771,travis.cowan@turner.info,travis.cowan@turner.info,travis.cowan@turner.info
6074,brandi.abbagnale@tele2.fr,brandi.abbagnale@tele2.fr,brandi.abbagnale@tele2.fr
1568,hanno.gollum@smith.com,hanno.gollum@smith.com,hanno.gollum@smith.com
4263,jutta.burke@elliott.com,jutta.burke@elliott.com,jutta.burke@elliott.com
5850,dorothe.paz@fiebig.de,dorothe.paz@fiebig.de,dorothe.paz@fiebig.de
5619,desiree.huerta@morris.com,desiree.huerta@morris.com,desiree.huerta@morris.com
1904,ilse.bray@venturi.it,ilse.bray@venturi.it,ilse.bray@venturi.it
5388,pierpaolo.scaduto@sanders-gibson.com.au,pierpaolo.scaduto@sanders-gibson.com.au,pierpaolo.scaduto@sanders-gibson.com.au
2150,amedeo.bradford@yahoo.com,amedeo.bradford@yahoo.com,amedeo.bradford@yahoo.com
2653,julia.ali@yahoo.com,julia.ali@yahoo.com,julia.ali@yahoo.com
2687,catalina.pizzetti@tim.it,catalina.pizzetti@tim.it,catalina.pizzetti@tim.it
3779,dylan.porzio@yahoo.de,dylan.porzio@yahoo.de,dylan.porzio@yahoo.de
1494,iris.trincavelli@tiscali.fr,iris.trincavelli@tiscali.fr,iris.trincavelli@tiscali.fr
4129,johnathan.guidotti@cox-sanchez.net,johnathan.guidotti@cox-sanchez.net,johnathan.guidotti@cox-sanchez.net
3035,walburga.vollbrecht@aol.de,walburga.vollbrecht@aol.de,walburga.vollbrecht@aol.de
2069,kendra.david@allan-morton.com,kendra.david@allan-morton.com,kendra.david@allan-morton.com
5469,aleksandr.weiss@blanc.org,aleksandr.weiss@blanc.org,aleksandr.weiss@blanc.org
3903,cornelio.guardado@gmail.com,cornelio.guardado@gmail.com,cornelio.guardado@gmail.com
4083,ferdi.blackburn@christensen.net,ferdi.blackburn@christensen.net,ferdi.blackburn@christensen.net
4003,bill.gallagher@green.com,bill.gallagher@green.com,bill.gallagher@green.com
3565,leonard.harvey@hotmail.com,leonard.harvey@hotmail.com,leonard.harvey@hotmail.com
1640,milan.montenegro@langern.com,milan.montenegro@langern.com,milan.montenegro@langern.com
4769,philip.perez@hotmail.co.uk,philip.perez@hotmail.co.uk,philip.perez@hotmail.co.uk
3398,kathryn.hentschel@shaw.com,kathryn.hentschel@shaw.com,kathryn.hentschel@shaw.com
1865,xavier.samson@baggio.it,xavier.samson@baggio.it,xavier.samson@baggio.it
5690,hartwig.roberts@saraceno.net,hartwig.roberts@saraceno.net,hartwig.roberts@saraceno.net
3814,kimberly.chan@gmail.com,kimberly.chan@gmail.com,kimberly.chan@gmail.com
2942,lorraine.crawford@gmail.com,lorraine.crawford@gmail.com,lorraine.crawford@gmail.com
5095,maximiliano.knowles@gmail.com,maximiliano.knowles@gmail.com,maximiliano.knowles@gmail.com
2878,gabriella.avila@gmail.com,gabriella.avila@gmail.com,gabriella.avila@gmail.com
3697,rico.mortati@faivre.fr,rico.mortati@faivre.fr,rico.mortati@faivre.fr
4744,gail.petrocelli@yahoo.com,gail.petrocelli@yahoo.com,gail.petrocelli@yahoo.com
2104,liberto.niemeier@germano-dibiasi.it,liberto.niemeier@germano-dibiasi.it,liberto.niemeier@germano-dibiasi.it
4883,luciana.petitjean@patterson-cole.biz,luciana.petitjean@patterson-cole.biz,luciana.petitjean@patterson-cole.biz
4807,ron.cavazos@yahoo.com,ron.cavazos@yahoo.com,ron.cavazos@yahoo.com
1372,aldo.cibin@gmx.de,aldo.cibin@gmx.de,aldo.cibin@gmx.de
3666,alexandre.serrano@yahoo.co.uk,alexandre.serrano@yahoo.co.uk,alexandre.serrano@yahoo.co.uk
2066,lori.fagotto@hill-anderson.com,lori.fagotto@hill-anderson.com,lori.fagotto@hill-anderson.com
1834,perla.figueroa@live.com,perla.figueroa@live.com,perla.figueroa@live.com
5853,reginald.hughes@gmail.com,reginald.hughes@gmail.com,reginald.hughes@gmail.com
2219,uriel.holt@gmail.com,uriel.holt@gmail.com,uriel.holt@gmail.com
4148,stefano.lemonnier@binner.com,stefano.lemonnier@binner.com,stefano.lemonnier@binner.com
4477,madeleine.cooper@poste.it,madeleine.cooper@poste.it,madeleine.cooper@poste.it
1786,alban.barbier@ortiz.org,alban.barbier@ortiz.org,alban.barbier@ortiz.org
3455,alfonso.finetti@quiroz.com,alfonso.finetti@quiroz.com,alfonso.finetti@quiroz.com
5707,ryan.kim@noos.fr,ryan.kim@noos.fr,ryan.kim@noos.fr
5470,augustin.wohlgemut@watson.info,augustin.wohlgemut@watson.info,augustin.wohlgemut@watson.info
3274,rolando.bibi@tin.it,rolando.bibi@tin.it,rolando.bibi@tin.it
4613,berthold.randall@mcdonald.com,berthold.randall@mcdonald.com,berthold.randall@mcdonald.com
4465,genaro.briand@sfr.fr,genaro.briand@sfr.fr,genaro.briand@sfr.fr
1652,rudolf.jenkins@hotmail.com,rudolf.jenkins@hotmail.com,rudolf.jenkins@hotmail.com
2100,pauline.ackermann@arredondo-roque.com,pauline.ackermann@arredondo-roque.com,pauline.ackermann@arredondo-roque.com
4321,folker.swanson@rodrigues.fr,folker.swanson@rodrigues.fr,folker.swanson@rodrigues.fr
4168,ashleigh.montez@perry-schneider.com,ashleigh.montez@perry-schneider.com,ashleigh.montez@perry-schneider.com
3733,liliana.barber@libero.it,liliana.barber@libero.it,liliana.barber@libero.it
2594,caridad.carr@huhn.com,caridad.carr@huhn.com,caridad.carr@huhn.com
3909,lolita.borrego@gmail.com,lolita.borrego@gmail.com,lolita.borrego@gmail.com
5179,gunar.patrick@leroy.com,gunar.patrick@leroy.com,gunar.patrick@leroy.com
2228,leokadia.verdier@hotmail.com.au,leokadia.verdier@hotmail.com.au,leokadia.verdier@hotmail.com.au
6222,hanna.reid@salas.org,hanna.reid@salas.org,hanna.reid@salas.org
2354,edelgard.kreusel@hotmail.com,edelgard.kreusel@hotmail.com,edelgard.kreusel@hotmail.com
1725,svenja.perrin@berger.com,svenja.perrin@berger.com,svenja.perrin@berger.com
2960,pierluigi.taccola@gmx.de,pierluigi.taccola@gmx.de,pierluigi.taccola@gmx.de
2077,cilli.watts@yahoo.com,cilli.watts@yahoo.com,cilli.watts@yahoo.com
5662,emiliano.wells@gmx.de,emiliano.wells@gmx.de,emiliano.wells@gmx.de
3481,april.davids@fisher.info,april.davids@fisher.info,april.davids@fisher.info
2565,dolores.didier@yahoo.com.au,dolores.didier@yahoo.com.au,dolores.didier@yahoo.com.au
4436,sylvia.bonomo@poulain.com,sylvia.bonomo@poulain.com,sylvia.bonomo@poulain.com
5072,nelly.marsh@hotmail.it,nelly.marsh@hotmail.it,nelly.marsh@hotmail.it
5200,beth.miniati@hudson.net,beth.miniati@hudson.net,beth.miniati@hudson.net
4502,renee.merino@gmail.com,renee.merino@gmail.com,renee.merino@gmail.com
4945,hailey.russell@jourdan.org,hailey.russell@jourdan.org,hailey.russell@jourdan.org
3012,raphaela.gotthard@outlook.com,raphaela.gotthard@outlook.com,raphaela.gotthard@outlook.com
6094,pomponio.comencini@hotmail.co.uk,pomponio.comencini@hotmail.co.uk,pomponio.comencini@hotmail.co.uk
3815,leone.richardson@yahoo.com,leone.richardson@yahoo.com,leone.richardson@yahoo.com
4838,valentine.acosta@peters.net,valentine.acosta@peters.net,valentine.acosta@peters.net
3469,ricciotti.laureano@parsons.com,ricciotti.laureano@parsons.com,ricciotti.laureano@parsons.com
4874,jacques.heidrich@zamudio-chapa.com,jacques.heidrich@zamudio-chapa.com,jacques.heidrich@zamudio-chapa.com
1792,anne.snow@gmail.com,anne.snow@gmail.com,anne.snow@gmail.com
4356,sonia.volta@gmx.de,sonia.volta@gmx.de,sonia.volta@gmx.de
6196,dale.leblanc@stewart.com,dale.leblanc@stewart.com,dale.leblanc@stewart.com
3578,alejandro.cruz@hotmail.com,alejandro.cruz@hotmail.com,alejandro.cruz@hotmail.com
4491,elsa.cugia@yahoo.com,elsa.cugia@yahoo.com,elsa.cugia@yahoo.com
3054,geronimo.pechel@hotmail.com,geronimo.pechel@hotmail.com,geronimo.pechel@hotmail.com
1968,melania.klemm@seidel.com,melania.klemm@seidel.com,melania.klemm@seidel.com
5869,katherine.cooley@yahoo.com,katherine.cooley@yahoo.com,katherine.cooley@yahoo.com
5858,guillermo.larsen@yahoo.com,guillermo.larsen@yahoo.com,guillermo.larsen@yahoo.com
5203,jill.barrios@gmail.com,jill.barrios@gmail.com,jill.barrios@gmail.com
2577,austin.musatti@tin.it,austin.musatti@tin.it,austin.musatti@tin.it
3216,jacinto.rose@yahoo.com,jacinto.rose@yahoo.com,jacinto.rose@yahoo.com
2037,lucie.redi@googlemail.com,lucie.redi@googlemail.com,lucie.redi@googlemail.com
3867,tania.chapman@remy.com,tania.chapman@remy.com,tania.chapman@remy.com
5109,alexandria.best@yahoo.co.uk,alexandria.best@yahoo.co.uk,alexandria.best@yahoo.co.uk
1376,edward.scott@yahoo.com,edward.scott@yahoo.com,edward.scott@yahoo.com
5260,jake.wiley@outlook.com,jake.wiley@outlook.com,jake.wiley@outlook.com
2350,claudio.reuter@morgan-collins.org.au,claudio.reuter@morgan-collins.org.au,claudio.reuter@morgan-collins.org.au
2269,laure.traetta@kay-perkins.co.uk,laure.traetta@kay-perkins.co.uk,laure.traetta@kay-perkins.co.uk
3650,magarete.valentin@yahoo.com,magarete.valentin@yahoo.com,magarete.valentin@yahoo.com
3934,paige.hill@jones.org.au,paige.hill@jones.org.au,paige.hill@jones.org.au
4048,fulvio.curiel@reynolds.com,fulvio.curiel@reynolds.com,fulvio.curiel@reynolds.com
4266,thibaut.camarillo@hotmail.com,thibaut.camarillo@hotmail.com,thibaut.camarillo@hotmail.com
3863,romana.blanchard@googlemail.com,romana.blanchard@googlemail.com,romana.blanchard@googlemail.com
4922,thibault.savorgnan@butler.biz,thibault.savorgnan@butler.biz,thibault.savorgnan@butler.biz
4517,alexander.pausini@gonzalez.info,alexander.pausini@gonzalez.info,alexander.pausini@gonzalez.info
3259,pierangelo.scholtz@lefevre.com,pierangelo.scholtz@lefevre.com,pierangelo.scholtz@lefevre.com
3123,emmanuelle.keller@morton-clarke.com,emmanuelle.keller@morton-clarke.com,emmanuelle.keller@morton-clarke.com
3870,isabella.deleon@web.de,isabella.deleon@web.de,isabella.deleon@web.de
2996,timothy.weitzel@gmail.com,timothy.weitzel@gmail.com,timothy.weitzel@gmail.com
2993,alfredo.ingram@hotmail.com,alfredo.ingram@hotmail.com,alfredo.ingram@hotmail.com
4556,francesca.kade@luna-rael.org,francesca.kade@luna-rael.org,francesca.kade@luna-rael.org
2326,tonia.coleman@hotmail.com,tonia.coleman@hotmail.com,tonia.coleman@hotmail.com
4109,gottfried.barbe@hotmail.com,gottfried.barbe@hotmail.com,gottfried.barbe@hotmail.com
5739,jeffrey.trommler@yahoo.com,jeffrey.trommler@yahoo.com,jeffrey.trommler@yahoo.com
5887,giacobbe.owens@huet.fr,giacobbe.owens@huet.fr,giacobbe.owens@huet.fr
1651,conchita.pagliaro@googlemail.com,conchita.pagliaro@googlemail.com,conchita.pagliaro@googlemail.com
1628,kevin.delahaye@ellis-wilson.com,kevin.delahaye@ellis-wilson.com,kevin.delahaye@ellis-wilson.com
2642,rouven.ovadia@gmail.com,rouven.ovadia@gmail.com,rouven.ovadia@gmail.com
6020,piermaria.laporte@wesack.com,piermaria.laporte@wesack.com,piermaria.laporte@wesack.com
4747,karolin.johann@hotmail.com,karolin.johann@hotmail.com,karolin.johann@hotmail.com
5534,steven.folliero@noos.fr,steven.folliero@noos.fr,steven.folliero@noos.fr
4790,livio.rosselli@green.co.uk,livio.rosselli@green.co.uk,livio.rosselli@green.co.uk
4632,gaetano.leonardi@despacho.com,gaetano.leonardi@despacho.com,gaetano.leonardi@despacho.com
1952,cynthia.robinson@gilles.net,cynthia.robinson@gilles.net,cynthia.robinson@gilles.net
4388,eleni.aponte@club-internet.fr,eleni.aponte@club-internet.fr,eleni.aponte@club-internet.fr
5529,noelia.romo@yahoo.com,noelia.romo@yahoo.com,noelia.romo@yahoo.com
1316,evelyn.haynes@clark.info,evelyn.haynes@clark.info,evelyn.haynes@clark.info
1670,katharine.zaccagnini@hotmail.com,katharine.zaccagnini@hotmail.com,katharine.zaccagnini@hotmail.com
4909,lea.merle@stey.de,lea.merle@stey.de,lea.merle@stey.de
3401,marta.huynh@hernandez.info,marta.huynh@hernandez.info,marta.huynh@hernandez.info
4619,amador.riley@hotmail.com,amador.riley@hotmail.com,amador.riley@hotmail.com
4722,julie.coles@hotmail.fr,julie.coles@hotmail.fr,julie.coles@hotmail.fr
2188,beverley.telesio@regnier.fr,beverley.telesio@regnier.fr,beverley.telesio@regnier.fr
5497,corinne.mitschke@hauffer.net,corinne.mitschke@hauffer.net,corinne.mitschke@hauffer.net
5711,valerie.ortega@tele2.it,valerie.ortega@tele2.it,valerie.ortega@tele2.it
4076,carlos.delle@hicks.com,carlos.delle@hicks.com,carlos.delle@hicks.com
1847,christina.besnard@delorme.com,christina.besnard@delorme.com,christina.besnard@delorme.com
2816,rosario.jacques@yahoo.com,rosario.jacques@yahoo.com,rosario.jacques@yahoo.com
5019,celal.fischer@aol.de,celal.fischer@aol.de,celal.fischer@aol.de
4869,leonardo.guzman@andreozzi-abba.com,leonardo.guzman@andreozzi-abba.com,leonardo.guzman@andreozzi-abba.com
3613,clinton.mason@yahoo.com,clinton.mason@yahoo.com,clinton.mason@yahoo.com
3069,loretta.mallet@sansoni-toscani.it,loretta.mallet@sansoni-toscani.it,loretta.mallet@sansoni-toscani.it
2601,lorenzo.roero@hotmail.co.uk,lorenzo.roero@hotmail.co.uk,lorenzo.roero@hotmail.co.uk
2133,lando.gutierrez@heser.com,lando.gutierrez@heser.com,lando.gutierrez@heser.com
3164,elaine.patterson@rose-morris.org,elaine.patterson@rose-morris.org,elaine.patterson@rose-morris.org
3897,marcella.govoni@barkholz.net,marcella.govoni@barkholz.net,marcella.govoni@barkholz.net
5663,ettore.amaldi@germain.com,ettore.amaldi@germain.com,ettore.amaldi@germain.com
3879,rufino.gallegos@webster-newton.co.uk,rufino.gallegos@webster-newton.co.uk,rufino.gallegos@webster-newton.co.uk
5900,georges.richards@macdonald.com,georges.richards@macdonald.com,georges.richards@macdonald.com
2272,janice.infantino@hotmail.com,janice.infantino@hotmail.com,janice.infantino@hotmail.com
5436,svetlana.montanariello@putz.de,svetlana.montanariello@putz.de,svetlana.montanariello@putz.de
3676,agnolo.cedillo@laboratorios.biz,agnolo.cedillo@laboratorios.biz,agnolo.cedillo@laboratorios.biz
4676,hannah.jockel@ceravolo-tonisto.eu,hannah.jockel@ceravolo-tonisto.eu,hannah.jockel@ceravolo-tonisto.eu
1563,yvonne.stout@sims.edu,yvonne.stout@sims.edu,yvonne.stout@sims.edu
4349,anouk.pace@gmail.com,anouk.pace@gmail.com,anouk.pace@gmail.com
1658,esteban.valdez@hotmail.com,esteban.valdez@hotmail.com,esteban.valdez@hotmail.com
2552,angelina.davies@hotmail.com,angelina.davies@hotmail.com,angelina.davies@hotmail.com
4847,anastasie.cadena@live.com,anastasie.cadena@live.com,anastasie.cadena@live.com
1553,hansjoachim.lettiere@hall-mcdaniel.net,hansjoachim.lettiere@hall-mcdaniel.net,hansjoachim.lettiere@hall-mcdaniel.net
2632,yeni.tejada@olson.edu.au,yeni.tejada@olson.edu.au,yeni.tejada@olson.edu.au
1908,dulce.adinolfi@hotmail.com,dulce.adinolfi@hotmail.com,dulce.adinolfi@hotmail.com
5801,sean.mielcarek@gmail.com,sean.mielcarek@gmail.com,sean.mielcarek@gmail.com
1935,omar.fonseca@grupo.org,omar.fonseca@grupo.org,omar.fonseca@grupo.org
2609,henry.gucci@leleu.fr,henry.gucci@leleu.fr,henry.gucci@leleu.fr
2740,samira.bottaro@vasseur.fr,samira.bottaro@vasseur.fr,samira.bottaro@vasseur.fr
1907,korinna.arnold@zapata-saenz.biz,korinna.arnold@zapata-saenz.biz,korinna.arnold@zapata-saenz.biz
1831,marcela.ferrante@gmx.de,marcela.ferrante@gmx.de,marcela.ferrante@gmx.de
5177,douglas.amaya@favata-brenna.net,douglas.amaya@favata-brenna.net,douglas.amaya@favata-brenna.net
6179,katherina.barrientos@trobbiani.eu,katherina.barrientos@trobbiani.eu,katherina.barrientos@trobbiani.eu
2917,brittany.tran@tele2.it,brittany.tran@tele2.it,brittany.tran@tele2.it
1486,caroline.reeves@yahoo.com,caroline.reeves@yahoo.com,caroline.reeves@yahoo.com
3735,joe.michaud@yahoo.fr,joe.michaud@yahoo.fr,joe.michaud@yahoo.fr
3838,marco.vittadello@gmail.com,marco.vittadello@gmail.com,marco.vittadello@gmail.com
2430,kim.webb@yahoo.com.au,kim.webb@yahoo.com.au,kim.webb@yahoo.com.au
2480,eugenia.zichichi@yahoo.com,eugenia.zichichi@yahoo.com,eugenia.zichichi@yahoo.com
3431,aurore.rosemann@leoncavallo-rusticucci.com,aurore.rosemann@leoncavallo-rusticucci.com,aurore.rosemann@leoncavallo-rusticucci.com
1742,giustino.luzi@rolland.fr,giustino.luzi@rolland.fr,giustino.luzi@rolland.fr
4628,anita.galindo@gmail.com,anita.galindo@gmail.com,anita.galindo@gmail.com
2385,gunhild.carrillo@elliott-gilbert.org,gunhild.carrillo@elliott-gilbert.org,gunhild.carrillo@elliott-gilbert.org
2213,rosa.paul@bien.com,rosa.paul@bien.com,rosa.paul@bien.com
5188,marliese.oneal@gmail.com,marliese.oneal@gmail.com,marliese.oneal@gmail.com
3418,bethany.hartmann@yahoo.com,bethany.hartmann@yahoo.com,bethany.hartmann@yahoo.com
5637,irina.martineau@gmail.com,irina.martineau@gmail.com,irina.martineau@gmail.com
3530,beatriz.moulin@pinto.com,beatriz.moulin@pinto.com,beatriz.moulin@pinto.com
3731,lucas.austin@gmail.com,lucas.austin@gmail.com,lucas.austin@gmail.com
3219,carole.nohlmans@yahoo.com,carole.nohlmans@yahoo.com,carole.nohlmans@yahoo.com
2392,bozena.schmitt@vallet.com,bozena.schmitt@vallet.com,bozena.schmitt@vallet.com
5103,aimee.foconi@outlook.com,aimee.foconi@outlook.com,aimee.foconi@outlook.com
3992,marzena.carrero@roskoth.de,marzena.carrero@roskoth.de,marzena.carrero@roskoth.de
2442,raisa.poulain@fastwebnet.it,raisa.poulain@fastwebnet.it,raisa.poulain@fastwebnet.it
2913,marcantonio.bennett@hopkins.com.au,marcantonio.bennett@hopkins.com.au,marcantonio.bennett@hopkins.com.au
1631,kenneth.hurst@meunier.net,kenneth.hurst@meunier.net,kenneth.hurst@meunier.net
4073,marisela.mende@godoy-enriquez.com,marisela.mende@godoy-enriquez.com,marisela.mende@godoy-enriquez.com
4568,blanka.villareal@monduzzi.net,blanka.villareal@monduzzi.net,blanka.villareal@monduzzi.net
1830,tomislav.stoppani@corporacin.org,tomislav.stoppani@corporacin.org,tomislav.stoppani@corporacin.org
2623,krystal.ammaniti@barbier.fr,krystal.ammaniti@barbier.fr,krystal.ammaniti@barbier.fr
4327,deanna.aporti@bouygtel.fr,deanna.aporti@bouygtel.fr,deanna.aporti@bouygtel.fr
3713,donatella.burns@yahoo.de,donatella.burns@yahoo.de,donatella.burns@yahoo.de
2389,margrit.hooper@douglas.com,margrit.hooper@douglas.com,margrit.hooper@douglas.com
5141,baccio.marcacci@laposte.net,baccio.marcacci@laposte.net,baccio.marcacci@laposte.net
3522,alfio.roman@hotmail.co.uk,alfio.roman@hotmail.co.uk,alfio.roman@hotmail.co.uk
1334,soledad.soto@hotmail.de,soledad.soto@hotmail.de,soledad.soto@hotmail.de
4721,josh.cimarosa@hotmail.com,josh.cimarosa@hotmail.com,josh.cimarosa@hotmail.com
3768,nath.rico@yahoo.com,nath.rico@yahoo.com,nath.rico@yahoo.com
1639,gary.armani@web.de,gary.armani@web.de,gary.armani@web.de
5149,miriam.oquendo@smith-watson.biz,miriam.oquendo@smith-watson.biz,miriam.oquendo@smith-watson.biz
2153,monica.mohaupt@live.com,monica.mohaupt@live.com,monica.mohaupt@live.com
2767,alec.ho@parra-esparza.com,alec.ho@parra-esparza.com,alec.ho@parra-esparza.com
5124,harry.fouquet@ibarra-cooper.com,harry.fouquet@ibarra-cooper.com,harry.fouquet@ibarra-cooper.com
2097,arcelia.babati@orange.fr,arcelia.babati@orange.fr,arcelia.babati@orange.fr
4796,trinidad.vespa@gmail.com,trinidad.vespa@gmail.com,trinidad.vespa@gmail.com
5849,colette.ryan@hotmail.com,colette.ryan@hotmail.com,colette.ryan@hotmail.com
1495,richard.andre@porras.org,richard.andre@porras.org,richard.andre@porras.org
2462,ellinor.leclercq@gmail.com,ellinor.leclercq@gmail.com,ellinor.leclercq@gmail.com
2280,patricio.guillon@web.de,patricio.guillon@web.de,patricio.guillon@web.de
1877,kirsten.chindamo@carrillo-wall.com,kirsten.chindamo@carrillo-wall.com,kirsten.chindamo@carrillo-wall.com
6108,leo.petruzzi@yahoo.com,leo.petruzzi@yahoo.com,leo.petruzzi@yahoo.com
4427,margot.tomaselli@junck.org,margot.tomaselli@junck.org,margot.tomaselli@junck.org
2881,ansaldo.marks@patel-odonnell.com,ansaldo.marks@patel-odonnell.com,ansaldo.marks@patel-odonnell.com
2339,regina.morin@barcaccia.net,regina.morin@barcaccia.net,regina.morin@barcaccia.net
5156,karla.medici@yahoo.com,karla.medici@yahoo.com,karla.medici@yahoo.com
4750,morgan.irizarry@williams-harris.biz,morgan.irizarry@williams-harris.biz,morgan.irizarry@williams-harris.biz
4852,natividad.wong@hoevel.com,natividad.wong@hoevel.com,natividad.wong@hoevel.com
5734,anna.freeman@snyder.net,anna.freeman@snyder.net,anna.freeman@snyder.net
3801,emilia.vivaldi@garnier.fr,emilia.vivaldi@garnier.fr,emilia.vivaldi@garnier.fr
4474,gerda.cook@tin.it,gerda.cook@tin.it,gerda.cook@tin.it
1992,andrey.faure@frederick-mitchell.info,andrey.faure@frederick-mitchell.info,andrey.faure@frederick-mitchell.info
5796,charlotte.duke@ochoa.org,charlotte.duke@ochoa.org,charlotte.duke@ochoa.org
1373,cindy.castillo@virgilio.it,cindy.castillo@virgilio.it,cindy.castillo@virgilio.it
1879,hiltrud.thibault@barbe.com,hiltrud.thibault@barbe.com,hiltrud.thibault@barbe.com
3072,kasimir.jaime@gmail.com,kasimir.jaime@gmail.com,kasimir.jaime@gmail.com
4561,sabine.lachmann@phillips.org,sabine.lachmann@phillips.org,sabine.lachmann@phillips.org
5201,andrea.arroyo@yahoo.com.au,andrea.arroyo@yahoo.com.au,andrea.arroyo@yahoo.com.au
5871,matthew.velasquez@gmail.com,matthew.velasquez@gmail.com,matthew.velasquez@gmail.com
3041,severino.linares@angeli.com,severino.linares@angeli.com,severino.linares@angeli.com
5864,swantje.lomeli@gmx.de,swantje.lomeli@gmx.de,swantje.lomeli@gmx.de
3999,marcus.espino@comolli.eu,marcus.espino@comolli.eu,marcus.espino@comolli.eu
4849,allen.gates@gmail.com,allen.gates@gmail.com,allen.gates@gmail.com
5461,mauricio.saunders@hotmail.co.uk,mauricio.saunders@hotmail.co.uk,mauricio.saunders@hotmail.co.uk
5946,gilbert.cornejo@hotmail.com,gilbert.cornejo@hotmail.com,gilbert.cornejo@hotmail.com
4508,letizia.gulotta@howard.biz,letizia.gulotta@howard.biz,letizia.gulotta@howard.biz
5096,etta.gutknecht@leconte.net,etta.gutknecht@leconte.net,etta.gutknecht@leconte.net
5443,shelley.perry@gierschner.de,shelley.perry@gierschner.de,shelley.perry@gierschner.de
2165,geoffrey.williams@poste.it,geoffrey.williams@poste.it,geoffrey.williams@poste.it
2125,cory.stewart@voila.fr,cory.stewart@voila.fr,cory.stewart@voila.fr
6141,kristy.bartlett@outlook.com,kristy.bartlett@outlook.com,kristy.bartlett@outlook.com
5245,gianluca.beck@green.biz,gianluca.beck@green.biz,gianluca.beck@green.biz
2190,guido.krein@gmail.com,guido.krein@gmail.com,guido.krein@gmail.com
2243,leif.monnier@querini.it,leif.monnier@querini.it,leif.monnier@querini.it
3336,jonas.badoer@kennedy.biz,jonas.badoer@kennedy.biz,jonas.badoer@kennedy.biz
3305,devin.ebert@yahoo.fr,devin.ebert@yahoo.fr,devin.ebert@yahoo.fr
6191,slobodan.camiscione@hotmail.com,slobodan.camiscione@hotmail.com,slobodan.camiscione@hotmail.com
1326,volkmar.gauthier@hotmail.com,volkmar.gauthier@hotmail.com,volkmar.gauthier@hotmail.com
6159,jordan.rowe@outlook.com,jordan.rowe@outlook.com,jordan.rowe@outlook.com
2003,manon.daugherty@segre.com,manon.daugherty@segre.com,manon.daugherty@segre.com
5881,estela.segovia@vodafone.it,estela.segovia@vodafone.it,estela.segovia@vodafone.it
1918,giada.celentano@evans.net,giada.celentano@evans.net,giada.celentano@evans.net
2157,clayton.salcedo@hotmail.co.uk,clayton.salcedo@hotmail.co.uk,clayton.salcedo@hotmail.co.uk
3149,raven.pinto@hotmail.com,raven.pinto@hotmail.com,raven.pinto@hotmail.com
2444,lewis.lewis@pisano.net,lewis.lewis@pisano.net,lewis.lewis@pisano.net
6207,rochus.rousseau@nguyen.com,rochus.rousseau@nguyen.com,rochus.rousseau@nguyen.com
5580,belinda.gamez@leleu.com,belinda.gamez@leleu.com,belinda.gamez@leleu.com
5942,angelo.lozano@macias.com,angelo.lozano@macias.com,angelo.lozano@macias.com
1592,jorge.monti@clement.fr,jorge.monti@clement.fr,jorge.monti@clement.fr
2344,ricky.harrell@martin.edu,ricky.harrell@martin.edu,ricky.harrell@martin.edu
5995,adriano.wulf@schmidtke.net,adriano.wulf@schmidtke.net,adriano.wulf@schmidtke.net
5022,pompeo.bourdon@gmail.com,pompeo.bourdon@gmail.com,pompeo.bourdon@gmail.com
5991,kristie.garrett@wernecke.com,kristie.garrett@wernecke.com,kristie.garrett@wernecke.com
4020,lodovico.conley@yahoo.com,lodovico.conley@yahoo.com,lodovico.conley@yahoo.com
6028,jean.berthelot@oscuro.it,jean.berthelot@oscuro.it,jean.berthelot@oscuro.it
2790,tadeusz.medina@jackson-clark.net,tadeusz.medina@jackson-clark.net,tadeusz.medina@jackson-clark.net
4033,ruby.carriera@hotmail.it,ruby.carriera@hotmail.it,ruby.carriera@hotmail.it
1261,theres.antonioni@hotmail.com,theres.antonioni@hotmail.com,theres.antonioni@hotmail.com
1979,gloria.morton@outlook.com,gloria.morton@outlook.com,gloria.morton@outlook.com
2122,graziano.jensen@gmail.com,graziano.jensen@gmail.com,graziano.jensen@gmail.com
4506,gianpaolo.massey@bouvier.com,gianpaolo.massey@bouvier.com,gianpaolo.massey@bouvier.com
3016,alain.farmer@hotmail.it,alain.farmer@hotmail.it,alain.farmer@hotmail.it
3272,renato.murillo@club.com,renato.murillo@club.com,renato.murillo@club.com
1375,edda.ferraris@libero.it,edda.ferraris@libero.it,edda.ferraris@libero.it
4014,luce.marty@waehner.org,luce.marty@waehner.org,luce.marty@waehner.org
3199,rotraud.mitchell@laboratorios.com,rotraud.mitchell@laboratorios.com,rotraud.mitchell@laboratorios.com
2184,israel.watkins@hotmail.com,israel.watkins@hotmail.com,israel.watkins@hotmail.com
2170,nathan.jennings@kim.com,nathan.jennings@kim.com,nathan.jennings@kim.com
1478,gavin.proietti@gmx.de,gavin.proietti@gmx.de,gavin.proietti@gmx.de
6163,emma.rios@yahoo.com.au,emma.rios@yahoo.com.au,emma.rios@yahoo.com.au
1889,todd.douglas@web.de,todd.douglas@web.de,todd.douglas@web.de
5912,oscar.holsten@yahoo.com,oscar.holsten@yahoo.com,oscar.holsten@yahoo.com
2537,ann.peron@grupo.biz,ann.peron@grupo.biz,ann.peron@grupo.biz
2118,senta.grassi@hotmail.com,senta.grassi@hotmail.com,senta.grassi@hotmail.com
3234,kata.mena@gmail.com,kata.mena@gmail.com,kata.mena@gmail.com
3842,gianfranco.hethur@stewart-lee.com.au,gianfranco.hethur@stewart-lee.com.au,gianfranco.hethur@stewart-lee.com.au
3032,florentine.saraceno@gmail.com,florentine.saraceno@gmail.com,florentine.saraceno@gmail.com
3238,giuliano.bolzmann@pacillo.it,giuliano.bolzmann@pacillo.it,giuliano.bolzmann@pacillo.it
2059,alwine.kostolzin@holloway.com,alwine.kostolzin@holloway.com,alwine.kostolzin@holloway.com
5238,giacinto.briggs@yahoo.co.uk,giacinto.briggs@yahoo.co.uk,giacinto.briggs@yahoo.co.uk
2578,holly.negrete@hotmail.com,holly.negrete@hotmail.com,holly.negrete@hotmail.com
4789,mark.trapanese@gmail.com,mark.trapanese@gmail.com,mark.trapanese@gmail.com
2357,alyssa.brun@chittolini-spadafora.it,alyssa.brun@chittolini-spadafora.it,alyssa.brun@chittolini-spadafora.it
1235,cristina.chevalier@proyectos.com,cristina.chevalier@proyectos.com,cristina.chevalier@proyectos.com
3558,shannon.lefevre@gmail.com,shannon.lefevre@gmail.com,shannon.lefevre@gmail.com
1707,logan.hornich@tin.it,logan.hornich@tin.it,logan.hornich@tin.it
2842,rosalia.toro@free.fr,rosalia.toro@free.fr,rosalia.toro@free.fr
5318,reiner.poerio@yahoo.com,reiner.poerio@yahoo.com,reiner.poerio@yahoo.com
1620,valentina.pages@hotmail.de,valentina.pages@hotmail.de,valentina.pages@hotmail.de
4998,enrico.fabre@gmail.com,enrico.fabre@gmail.com,enrico.fabre@gmail.com
3111,sevim.begue@yahoo.com.au,sevim.begue@yahoo.com.au,sevim.begue@yahoo.com.au
1424,sonja.patberg@hotmail.com,sonja.patberg@hotmail.com,sonja.patberg@hotmail.com
3244,christine.hiller@yahoo.com,christine.hiller@yahoo.com,christine.hiller@yahoo.com
4643,maik.beasley@harper-brooks.biz,maik.beasley@harper-brooks.biz,maik.beasley@harper-brooks.biz
6132,elliot.santana@gmx.de,elliot.santana@gmx.de,elliot.santana@gmx.de
3790,eloy.renzi@gmail.com,eloy.renzi@gmail.com,eloy.renzi@gmail.com
1312,wolf.lutz@nichols-jackson.com.au,wolf.lutz@nichols-jackson.com.au,wolf.lutz@nichols-jackson.com.au
5686,giuseppe.lee@mahe.org,giuseppe.lee@mahe.org,giuseppe.lee@mahe.org
2111,angelica.cuellar@zaguri-bellucci.net,angelica.cuellar@zaguri-bellucci.net,angelica.cuellar@zaguri-bellucci.net
5685,bekir.normand@yahoo.de,bekir.normand@yahoo.de,bekir.normand@yahoo.de
1905,carmine.gonzales@schleich.net,carmine.gonzales@schleich.net,carmine.gonzales@schleich.net
3271,marianne.hubert@hotmail.com,marianne.hubert@hotmail.com,marianne.hubert@hotmail.com
4178,gonzalo.montes@hotmail.com,gonzalo.montes@hotmail.com,gonzalo.montes@hotmail.com
3275,shelly.guichard@gmail.com,shelly.guichard@gmail.com,shelly.guichard@gmail.com
5713,tobias.carbajal@live.com,tobias.carbajal@live.com,tobias.carbajal@live.com
3339,santiago.berry@aol.de,santiago.berry@aol.de,santiago.berry@aol.de
5585,emilio.davenport@zamora-russo.net,emilio.davenport@zamora-russo.net,emilio.davenport@zamora-russo.net
4407,maurizio.gute@knight.info,maurizio.gute@knight.info,maurizio.gute@knight.info
1941,nadia.travaglio@colletti-broggini.com,nadia.travaglio@colletti-broggini.com,nadia.travaglio@colletti-broggini.com
4690,elisa.barkholz@sfr.fr,elisa.barkholz@sfr.fr,elisa.barkholz@sfr.fr
3607,cristal.mazzini@gmail.com,cristal.mazzini@gmail.com,cristal.mazzini@gmail.com
2670,trevor.granados@gmail.com,trevor.granados@gmail.com,trevor.granados@gmail.com
5261,matthieu.mcdonald@morrison.org,matthieu.mcdonald@morrison.org,matthieu.mcdonald@morrison.org
4121,juliette.preston@gmail.com,juliette.preston@gmail.com,juliette.preston@gmail.com
4620,stanislaw.montalvo@mcpherson-hughes.info,stanislaw.montalvo@mcpherson-hughes.info,stanislaw.montalvo@mcpherson-hughes.info
4630,lilia.lollobrigida@le.com,lilia.lollobrigida@le.com,lilia.lollobrigida@le.com
3440,brigitta.shaw@hotmail.co.uk,brigitta.shaw@hotmail.co.uk,brigitta.shaw@hotmail.co.uk
3572,rebeca.frey@gerard.fr,rebeca.frey@gerard.fr,rebeca.frey@gerard.fr
5306,nicolas.palacios@meraz.com,nicolas.palacios@meraz.com,nicolas.palacios@meraz.com
5122,susanna.bonneau@klingelhoefer.de,susanna.bonneau@klingelhoefer.de,susanna.bonneau@klingelhoefer.de
1368,romina.valentine@hotmail.com,romina.valentine@hotmail.com,romina.valentine@hotmail.com
5370,erika.toussaint@sfr.fr,erika.toussaint@sfr.fr,erika.toussaint@sfr.fr
5636,lothar.laurent@garcia.com.au,lothar.laurent@garcia.com.au,lothar.laurent@garcia.com.au
6033,chelsea.verdugo@campbell.com,chelsea.verdugo@campbell.com,chelsea.verdugo@campbell.com
3599,ria.venier@murillo-estevez.com,ria.venier@murillo-estevez.com,ria.venier@murillo-estevez.com
5566,carly.summers@yahoo.co.uk,carly.summers@yahoo.co.uk,carly.summers@yahoo.co.uk
1873,pasquale.tomasini@hotmail.co.uk,pasquale.tomasini@hotmail.co.uk,pasquale.tomasini@hotmail.co.uk
3904,stefani.ughi@hotmail.it,stefani.ughi@hotmail.it,stefani.ughi@hotmail.it
4453,jose.huang@gmx.de,jose.huang@gmx.de,jose.huang@gmx.de
5481,petros.gaona@googlemail.com,petros.gaona@googlemail.com,petros.gaona@googlemail.com
2987,maximilian.siering@gaito-fornaciari.org,maximilian.siering@gaito-fornaciari.org,maximilian.siering@gaito-fornaciari.org
2431,ermenegildo.holzapfel@aol.de,ermenegildo.holzapfel@aol.de,ermenegildo.holzapfel@aol.de
4158,damien.leger@dixon.biz,damien.leger@dixon.biz,damien.leger@dixon.biz
3753,zeferino.barrera@zedillo-velazquez.com,zeferino.barrera@zedillo-velazquez.com,zeferino.barrera@zedillo-velazquez.com
4391,alfred.pohl@fechner.net,alfred.pohl@fechner.net,alfred.pohl@fechner.net
2026,marissa.gaito@reed-campbell.edu,marissa.gaito@reed-campbell.edu,marissa.gaito@reed-campbell.edu
4547,ariana.houston@hotmail.it,ariana.houston@hotmail.it,ariana.houston@hotmail.it
2798,victor.jacobs@young.com,victor.jacobs@young.com,victor.jacobs@young.com
4732,henriette.lang@mimun.it,henriette.lang@mimun.it,henriette.lang@mimun.it
5126,wilfriede.baca@caraballo.com,wilfriede.baca@caraballo.com,wilfriede.baca@caraballo.com
5151,lucia.riviere@samaniego.biz,lucia.riviere@samaniego.biz,lucia.riviere@samaniego.biz
2134,gordon.vigorelli@solano.com,gordon.vigorelli@solano.com,gordon.vigorelli@solano.com
5786,diethard.salgado@gmail.com,diethard.salgado@gmail.com,diethard.salgado@gmail.com
5515,sue.corrales@cardenas-serna.org,sue.corrales@cardenas-serna.org,sue.corrales@cardenas-serna.org
4530,arthur.salazar@yahoo.com.au,arthur.salazar@yahoo.com.au,arthur.salazar@yahoo.com.au
4088,fortunata.schneider@tiscali.it,fortunata.schneider@tiscali.it,fortunata.schneider@tiscali.it
3667,gretchen.serna@pichon.org,gretchen.serna@pichon.org,gretchen.serna@pichon.org
3286,egon.caron@hotmail.com,egon.caron@hotmail.com,egon.caron@hotmail.com
4804,roberta.finzi@knight-davies.co.uk,roberta.finzi@knight-davies.co.uk,roberta.finzi@knight-davies.co.uk
5768,editha.savage@davies.co.uk,editha.savage@davies.co.uk,editha.savage@davies.co.uk
6098,allan.emanuelli@fernandes.org,allan.emanuelli@fernandes.org,allan.emanuelli@fernandes.org
2508,laurence.lucero@martin.org,laurence.lucero@martin.org,laurence.lucero@martin.org
5779,istvan.draghi@ifrance.com,istvan.draghi@ifrance.com,istvan.draghi@ifrance.com
1717,luigi.bonnet@carriera-federico.it,luigi.bonnet@carriera-federico.it,luigi.bonnet@carriera-federico.it
3368,yuridia.fantozzi@mcdonald.com,yuridia.fantozzi@mcdonald.com,yuridia.fantozzi@mcdonald.com
4265,eraldo.schmiedt@hotmail.de,eraldo.schmiedt@hotmail.de,eraldo.schmiedt@hotmail.de
4455,antoinette.cox@bustamante.com,antoinette.cox@bustamante.com,antoinette.cox@bustamante.com
2940,cameron.ocampo@hotmail.com.au,cameron.ocampo@hotmail.com.au,cameron.ocampo@hotmail.com.au
6144,lynn.lawson@leclercq.com,lynn.lawson@leclercq.com,lynn.lawson@leclercq.com
3657,natalia.seifert@ifrance.com,natalia.seifert@ifrance.com,natalia.seifert@ifrance.com
1537,nuray.anguillara@yahoo.co.uk,nuray.anguillara@yahoo.co.uk,nuray.anguillara@yahoo.co.uk
2116,beate.morgan@gmail.com,beate.morgan@gmail.com,beate.morgan@gmail.com
5102,mario.rees@gmx.de,mario.rees@gmx.de,mario.rees@gmx.de
5815,galasso.junken@yahoo.co.uk,galasso.junken@yahoo.co.uk,galasso.junken@yahoo.co.uk
4250,luca.moses@franke.de,luca.moses@franke.de,luca.moses@franke.de
4533,aurelio.gertz@hewitt.net,aurelio.gertz@hewitt.net,aurelio.gertz@hewitt.net
3329,uberto.steele@outlook.com,uberto.steele@outlook.com,uberto.steele@outlook.com
3606,annie.hunter@allen.co.uk,annie.hunter@allen.co.uk,annie.hunter@allen.co.uk
4749,jo.mccarty@hotmail.com,jo.mccarty@hotmail.com,jo.mccarty@hotmail.com
2222,eitel.lombard@thomas.net,eitel.lombard@thomas.net,eitel.lombard@thomas.net
1939,susan.vigliotti@yahoo.co.uk,susan.vigliotti@yahoo.co.uk,susan.vigliotti@yahoo.co.uk
2456,jacqueline.germano@valette.fr,jacqueline.germano@valette.fr,jacqueline.germano@valette.fr
2794,fidel.ruppert@yahoo.co.uk,fidel.ruppert@yahoo.co.uk,fidel.ruppert@yahoo.co.uk
2648,margaret.eigenwillig@yahoo.com,margaret.eigenwillig@yahoo.com,margaret.eigenwillig@yahoo.com
2545,yvette.harding@yahoo.co.uk,yvette.harding@yahoo.co.uk,yvette.harding@yahoo.co.uk
3273,federigo.karge@bohlander.com,federigo.karge@bohlander.com,federigo.karge@bohlander.com
6155,guenther.armenta@free.fr,guenther.armenta@free.fr,guenther.armenta@free.fr
6064,coriolano.higgins@murphy.org.au,coriolano.higgins@murphy.org.au,coriolano.higgins@murphy.org.au
1729,felix.rubio@ebert.de,felix.rubio@ebert.de,felix.rubio@ebert.de
4969,melanie.leveque@fleury.net,melanie.leveque@fleury.net,melanie.leveque@fleury.net
3402,abbie.galeati@ubaldi.it,abbie.galeati@ubaldi.it,abbie.galeati@ubaldi.it
2810,vittorio.caccioppoli@yahoo.com,vittorio.caccioppoli@yahoo.com,vittorio.caccioppoli@yahoo.com
2217,biagio.valenzuela@robinson.info,biagio.valenzuela@robinson.info,biagio.valenzuela@robinson.info
5140,dario.green@live.com,dario.green@live.com,dario.green@live.com
4497,alwina.textor@poste.it,alwina.textor@poste.it,alwina.textor@poste.it
5100,diether.baeza@grupo.biz,diether.baeza@grupo.biz,diether.baeza@grupo.biz
3390,sole.trevino@hotmail.com,sole.trevino@hotmail.com,sole.trevino@hotmail.com
1926,darren.bernardi@brooks-martin.com,darren.bernardi@brooks-martin.com,darren.bernardi@brooks-martin.com
3264,martina.heser@morellato.it,martina.heser@morellato.it,martina.heser@morellato.it
2573,bethan.giacometti@gmail.com,bethan.giacometti@gmail.com,bethan.giacometti@gmail.com
3628,ethan.duhamel@sfr.fr,ethan.duhamel@sfr.fr,ethan.duhamel@sfr.fr
3826,corrado.warren@hotmail.com.au,corrado.warren@hotmail.com.au,corrado.warren@hotmail.com.au
5983,damian.pulido@yahoo.de,damian.pulido@yahoo.de,damian.pulido@yahoo.de
5678,dino.osborne@despacho.com,dino.osborne@despacho.com,dino.osborne@despacho.com
2093,nicolaus.bernetti@aol.de,nicolaus.bernetti@aol.de,nicolaus.bernetti@aol.de
5333,gianna.carroll@perez.com,gianna.carroll@perez.com,gianna.carroll@perez.com
5139,grit.knight@web.de,grit.knight@web.de,grit.knight@web.de
3173,erin.weinhold@hotmail.fr,erin.weinhold@hotmail.fr,erin.weinhold@hotmail.fr
3333,craig.jordan@gmail.com,craig.jordan@gmail.com,craig.jordan@gmail.com
2262,homero.respighi@gmail.com,homero.respighi@gmail.com,homero.respighi@gmail.com
1531,fanny.pertile@gmail.com,fanny.pertile@gmail.com,fanny.pertile@gmail.com
4881,fridolin.comboni@graf.com,fridolin.comboni@graf.com,fridolin.comboni@graf.com
3928,hugh.cantu@libero.it,hugh.cantu@libero.it,hugh.cantu@libero.it
1803,alphons.simmons@hotmail.com,alphons.simmons@hotmail.com,alphons.simmons@hotmail.com
2321,ludovico.cafarchia@gmail.com,ludovico.cafarchia@gmail.com,ludovico.cafarchia@gmail.com
6234,nico.kaiser@almonte.com,nico.kaiser@almonte.com,nico.kaiser@almonte.com
1422,kirsty.lamy@alonzi.it,kirsty.lamy@alonzi.it,kirsty.lamy@alonzi.it
2660,joshua.scheibe@turci.org,joshua.scheibe@turci.org,joshua.scheibe@turci.org
5361,carin.pineau@yahoo.com,carin.pineau@yahoo.com,carin.pineau@yahoo.com
3420,ellie.galarza@pareto-cattaneo.net,ellie.galarza@pareto-cattaneo.net,ellie.galarza@pareto-cattaneo.net
4337,marion.lira@ifrance.com,marion.lira@ifrance.com,marion.lira@ifrance.com
2338,aurelia.angiolello@lord.com,aurelia.angiolello@lord.com,aurelia.angiolello@lord.com
4140,maura.ravaglioli@yahoo.com,maura.ravaglioli@yahoo.com,maura.ravaglioli@yahoo.com
2373,brunhilde.fletcher@schomber.de,brunhilde.fletcher@schomber.de,brunhilde.fletcher@schomber.de
1344,ottfried.marques@tyler-watson.info,ottfried.marques@tyler-watson.info,ottfried.marques@tyler-watson.info
2141,christelle.blasi@morris-chan.com,christelle.blasi@morris-chan.com,christelle.blasi@morris-chan.com
3415,augusto.vercelloni@club-internet.fr,augusto.vercelloni@club-internet.fr,augusto.vercelloni@club-internet.fr
5696,michela.pruvost@holt.co.uk,michela.pruvost@holt.co.uk,michela.pruvost@holt.co.uk
1798,guarino.escalante@hotmail.com,guarino.escalante@hotmail.com,guarino.escalante@hotmail.com
1657,gabriela.padilla@pearson-russell.com,gabriela.padilla@pearson-russell.com,gabriela.padilla@pearson-russell.com
3651,agathe.dias@jackson.com,agathe.dias@jackson.com,agathe.dias@jackson.com
3574,werner.kallert@gmail.com,werner.kallert@gmail.com,werner.kallert@gmail.com
6063,lore.delaunay@yahoo.com,lore.delaunay@yahoo.com,lore.delaunay@yahoo.com
2404,enzio.campos@tim.it,enzio.campos@tim.it,enzio.campos@tim.it
2705,walther.duarte@web.de,walther.duarte@web.de,walther.duarte@web.de
5059,adelgunde.trevisan@gmail.com,adelgunde.trevisan@gmail.com,adelgunde.trevisan@gmail.com
5466,thierry.schwartz@travaglio.net,thierry.schwartz@travaglio.net,thierry.schwartz@travaglio.net
5821,katie.andersen@haney.com.au,katie.andersen@haney.com.au,katie.andersen@haney.com.au
5385,kathy.zamorani@hotmail.com,kathy.zamorani@hotmail.com,kathy.zamorani@hotmail.com
3506,giuseppina.tanguy@wanadoo.fr,giuseppina.tanguy@wanadoo.fr,giuseppina.tanguy@wanadoo.fr
5427,jack.klapp@hotmail.com.au,jack.klapp@hotmail.com.au,jack.klapp@hotmail.com.au
6142,tom.leconte@woods-johnson.com,tom.leconte@woods-johnson.com,tom.leconte@woods-johnson.com
2873,bonnie.cignaroli@yahoo.com,bonnie.cignaroli@yahoo.com,bonnie.cignaroli@yahoo.com
3916,danny.farrell@hotmail.com,danny.farrell@hotmail.com,danny.farrell@hotmail.com
1687,fiorenzo.bauer@gmail.com,fiorenzo.bauer@gmail.com,fiorenzo.bauer@gmail.com
1542,randy.alfieri@verri.org,randy.alfieri@verri.org,randy.alfieri@verri.org
3087,tim.bradley@schlosser.de,tim.bradley@schlosser.de,tim.bradley@schlosser.de
3857,yves.mendez@gmail.com,yves.mendez@gmail.com,yves.mendez@gmail.com
5921,raffaella.esquivel@gmail.com,raffaella.esquivel@gmail.com,raffaella.esquivel@gmail.com
3144,lawrence.vasari@castillo.edu,lawrence.vasari@castillo.edu,lawrence.vasari@castillo.edu
2676,sam.adams@yahoo.com,sam.adams@yahoo.com,sam.adams@yahoo.com
3646,mirco.nicolini@blin.net,mirco.nicolini@blin.net,mirco.nicolini@blin.net
1321,graham.bajardi@yahoo.com,graham.bajardi@yahoo.com,graham.bajardi@yahoo.com
1399,luc.quinn@walker.com,luc.quinn@walker.com,luc.quinn@walker.com
3169,stella.ullrich@hotmail.com.au,stella.ullrich@hotmail.com.au,stella.ullrich@hotmail.com.au
2058,calcedonio.remy@edwards-benton.com,calcedonio.remy@edwards-benton.com,calcedonio.remy@edwards-benton.com
1300,nanni.almaraz@martin.com,nanni.almaraz@martin.com,nanni.almaraz@martin.com
2075,pascual.corradi@lopez.net.au,pascual.corradi@lopez.net.au,pascual.corradi@lopez.net.au
2984,kristi.grant@yahoo.co.uk,kristi.grant@yahoo.co.uk,kristi.grant@yahoo.co.uk
4768,manuel.gracia@trussardi.eu,manuel.gracia@trussardi.eu,manuel.gracia@trussardi.eu
3682,gionata.hussain@yahoo.com,gionata.hussain@yahoo.com,gionata.hussain@yahoo.com
5901,maria.nguyen@hernadez.com,maria.nguyen@hernadez.com,maria.nguyen@hernadez.com
3540,leon.baker@hotmail.com,leon.baker@hotmail.com,leon.baker@hotmail.com
2225,gianmarco.alcaraz@zacchia.net,gianmarco.alcaraz@zacchia.net,gianmarco.alcaraz@zacchia.net
1485,derrick.little@small.org,derrick.little@small.org,derrick.little@small.org
5343,terry.ramirez@hotmail.co.uk,terry.ramirez@hotmail.co.uk,terry.ramirez@hotmail.co.uk
5594,katarina.clarke@hotmail.com.au,katarina.clarke@hotmail.com.au,katarina.clarke@hotmail.com.au
2482,leila.washington@gmail.com,leila.washington@gmail.com,leila.washington@gmail.com
2706,mirko.townsend@schmitt.com,mirko.townsend@schmitt.com,mirko.townsend@schmitt.com
4861,randall.connolly@jovinelli-castelli.com,randall.connolly@jovinelli-castelli.com,randall.connolly@jovinelli-castelli.com
2961,pia.burgess@proyectos.org,pia.burgess@proyectos.org,pia.burgess@proyectos.org
3043,justine.mancini@tiscali.it,justine.mancini@tiscali.it,justine.mancini@tiscali.it
6103,reynaldo.wagenknecht@faure.com,reynaldo.wagenknecht@faure.com,reynaldo.wagenknecht@faure.com
4708,toni.magrassi@gmail.com,toni.magrassi@gmail.com,toni.magrassi@gmail.com
4395,patrizio.cisneros@martinez.edu.au,patrizio.cisneros@martinez.edu.au,patrizio.cisneros@martinez.edu.au
4912,durante.lindner@picard.fr,durante.lindner@picard.fr,durante.lindner@picard.fr
2030,rosl.lamborghini@hiller.net,rosl.lamborghini@hiller.net,rosl.lamborghini@hiller.net
5235,ugo.harrison@morley-chapman.co.uk,ugo.harrison@morley-chapman.co.uk,ugo.harrison@morley-chapman.co.uk
5001,isidor.carpenter@chauvin.com,isidor.carpenter@chauvin.com,isidor.carpenter@chauvin.com
4093,marie.zoppetto@kallert.de,marie.zoppetto@kallert.de,marie.zoppetto@kallert.de
2576,branko.chambers@ifrance.com,branko.chambers@ifrance.com,branko.chambers@ifrance.com
6122,alan.pineda@proyectos.info,alan.pineda@proyectos.info,alan.pineda@proyectos.info
2813,carmen.oestrovsky@gmail.com,carmen.oestrovsky@gmail.com,carmen.oestrovsky@gmail.com
3737,shane.fernandez@hotmail.de,shane.fernandez@hotmail.de,shane.fernandez@hotmail.de
2803,debbie.guilbert@berg.edu,debbie.guilbert@berg.edu,debbie.guilbert@berg.edu
5508,vito.dossi@hotmail.co.uk,vito.dossi@hotmail.co.uk,vito.dossi@hotmail.co.uk
3850,evan.schacht@price.com,evan.schacht@price.com,evan.schacht@price.com
4220,mandy.weston@free.fr,mandy.weston@free.fr,mandy.weston@free.fr
4532,paulo.zito@nelson.biz,paulo.zito@nelson.biz,paulo.zito@nelson.biz
6013,alberto.girschner@laboratorios.com,alberto.girschner@laboratorios.com,alberto.girschner@laboratorios.com
3396,giacomo.bouvet@gmail.com,giacomo.bouvet@gmail.com,giacomo.bouvet@gmail.com
4401,ehrentraud.puga@laboratorios.com,ehrentraud.puga@laboratorios.com,ehrentraud.puga@laboratorios.com
2981,cristian.hale@hotmail.co.uk,cristian.hale@hotmail.co.uk,cristian.hale@hotmail.co.uk
4467,lilija.charles@gmail.com,lilija.charles@gmail.com,lilija.charles@gmail.com
1377,albert.legendre@lee.com,albert.legendre@lee.com,albert.legendre@lee.com
5036,marisa.renaud@smith.org,marisa.renaud@smith.org,marisa.renaud@smith.org
5761,sharon.diallo@gmail.com,sharon.diallo@gmail.com,sharon.diallo@gmail.com
3699,eduardo.delattre@lynch.net.au,eduardo.delattre@lynch.net.au,eduardo.delattre@lynch.net.au
4519,bernadette.wang@gmail.com,bernadette.wang@gmail.com,bernadette.wang@gmail.com
5395,dina.gibbons@brewer.net,dina.gibbons@brewer.net,dina.gibbons@brewer.net
3057,clara.armstrong@vodafone.it,clara.armstrong@vodafone.it,clara.armstrong@vodafone.it
2741,elliott.herrmann@hotmail.com.au,elliott.herrmann@hotmail.com.au,elliott.herrmann@hotmail.com.au
1675,graziella.vidal@hotmail.com,graziella.vidal@hotmail.com,graziella.vidal@hotmail.com
2712,francisca.becerra@young.com.au,francisca.becerra@young.com.au,francisca.becerra@young.com.au
4527,edeltrud.boyer@outlook.com,edeltrud.boyer@outlook.com,edeltrud.boyer@outlook.com
1722,julian.noble@hill.org.au,julian.noble@hill.org.au,julian.noble@hill.org.au
4330,christophe.bohnbach@ifrance.com,christophe.bohnbach@ifrance.com,christophe.bohnbach@ifrance.com
5219,ippazio.angulo@yahoo.com,ippazio.angulo@yahoo.com,ippazio.angulo@yahoo.com
4997,grace.kroker@hotmail.com,grace.kroker@hotmail.com,grace.kroker@hotmail.com
2239,jared.ferguson@roberts.com,jared.ferguson@roberts.com,jared.ferguson@roberts.com
4587,virginie.mclean@yahoo.com,virginie.mclean@yahoo.com,virginie.mclean@yahoo.com
4113,mason.potter@gmail.com,mason.potter@gmail.com,mason.potter@gmail.com
4762,aaron.anaya@hotmail.com.au,aaron.anaya@hotmail.com.au,aaron.anaya@hotmail.com.au
5242,leah.ornelas@gmail.com,leah.ornelas@gmail.com,leah.ornelas@gmail.com
5765,harald.roy@web.de,harald.roy@web.de,harald.roy@web.de
2185,micaela.martel@hotmail.com,micaela.martel@hotmail.com,micaela.martel@hotmail.com
5500,vincentio.sanders@voila.fr,vincentio.sanders@voila.fr,vincentio.sanders@voila.fr
3494,bettina.norbiato@allen-lutz.org,bettina.norbiato@allen-lutz.org,bettina.norbiato@allen-lutz.org
3924,julio.renner@industrias.net,julio.renner@industrias.net,julio.renner@industrias.net
3521,jelena.stiffel@trupp.de,jelena.stiffel@trupp.de,jelena.stiffel@trupp.de
5262,guadalupe.munoz@murray-hamilton.com.au,guadalupe.munoz@murray-hamilton.com.au,guadalupe.munoz@murray-hamilton.com.au
3684,whitney.noack@laboratorios.org,whitney.noack@laboratorios.org,whitney.noack@laboratorios.org
5784,gelsomina.migliaccio@junk.com,gelsomina.migliaccio@junk.com,gelsomina.migliaccio@junk.com
1498,evangelista.pereira@thompson-peterson.biz,evangelista.pereira@thompson-peterson.biz,evangelista.pereira@thompson-peterson.biz
6073,gareth.comolli@tiscali.fr,gareth.comolli@tiscali.fr,gareth.comolli@tiscali.fr
4939,michelangelo.hess@bouygtel.fr,michelangelo.hess@bouygtel.fr,michelangelo.hess@bouygtel.fr
